Date_Key,Full_Date,Year,Quarter,Month,Month_Name,Week_Number,Day,Is_Weekend
20210101,01-01-2021,2021,1,1,January,53,1,0
20210102,02-01-2021,2021,1,1,January,53,2,1
20210103,03-01-2021,2021,1,1,January,53,3,1
20210104,04-01-2021,2021,1,1,January,1,4,0
20210105,05-01-2021,2021,1,1,January,1,5,0
20210106,06-01-2021,2021,1,1,January,1,6,0
20210107,07-01-2021,2021,1,1,January,1,7,0
20210108,08-01-2021,2021,1,1,January,1,8,0
20210109,09-01-2021,2021,1,1,January,1,9,1
20210110,10-01-2021,2021,1,1,January,1,10,1
20210111,11-01-2021,2021,1,1,January,2,11,0
20210112,12-01-2021,2021,1,1,January,2,12,0
20210113,13-01-2021,2021,1,1,January,2,13,0
20210114,14-01-2021,2021,1,1,January,2,14,0
20210115,15-01-2021,2021,1,1,January,2,15,0
20210116,16-01-2021,2021,1,1,January,2,16,1
20210117,17-01-2021,2021,1,1,January,2,17,1
20210118,18-01-2021,2021,1,1,January,3,18,0
20210119,19-01-2021,2021,1,1,January,3,19,0
20210120,20-01-2021,2021,1,1,January,3,20,0
20210121,21-01-2021,2021,1,1,January,3,21,0
20210122,22-01-2021,2021,1,1,January,3,22,0
20210123,23-01-2021,2021,1,1,January,3,23,1
20210124,24-01-2021,2021,1,1,January,3,24,1
20210125,25-01-2021,2021,1,1,January,4,25,0
20210126,26-01-2021,2021,1,1,January,4,26,0
20210127,27-01-2021,2021,1,1,January,4,27,0
20210128,28-01-2021,2021,1,1,January,4,28,0
20210129,29-01-2021,2021,1,1,January,4,29,0
20210130,30-01-2021,2021,1,1,January,4,30,1
20210131,31-01-2021,2021,1,1,January,4,31,1
20210201,01-02-2021,2021,1,2,February,5,1,0
20210202,02-02-2021,2021,1,2,February,5,2,0
20210203,03-02-2021,2021,1,2,February,5,3,0
20210204,04-02-2021,2021,1,2,February,5,4,0
20210205,05-02-2021,2021,1,2,February,5,5,0
20210206,06-02-2021,2021,1,2,February,5,6,1
20210207,07-02-2021,2021,1,2,February,5,7,1
20210208,08-02-2021,2021,1,2,February,6,8,0
20210209,09-02-2021,2021,1,2,February,6,9,0
20210210,10-02-2021,2021,1,2,February,6,10,0
20210211,11-02-2021,2021,1,2,February,6,11,0
20210212,12-02-2021,2021,1,2,February,6,12,0
20210213,13-02-2021,2021,1,2,February,6,13,1
20210214,14-02-2021,2021,1,2,February,6,14,1
20210215,15-02-2021,2021,1,2,February,7,15,0
20210216,16-02-2021,2021,1,2,February,7,16,0
20210217,17-02-2021,2021,1,2,February,7,17,0
20210218,18-02-2021,2021,1,2,February,7,18,0
20210219,19-02-2021,2021,1,2,February,7,19,0
20210220,20-02-2021,2021,1,2,February,7,20,1
20210221,21-02-2021,2021,1,2,February,7,21,1
20210222,22-02-2021,2021,1,2,February,8,22,0
20210223,23-02-2021,2021,1,2,February,8,23,0
20210224,24-02-2021,2021,1,2,February,8,24,0
20210225,25-02-2021,2021,1,2,February,8,25,0
20210226,26-02-2021,2021,1,2,February,8,26,0
20210227,27-02-2021,2021,1,2,February,8,27,1
20210228,28-02-2021,2021,1,2,February,8,28,1
20210301,01-03-2021,2021,1,3,March,9,1,0
20210302,02-03-2021,2021,1,3,March,9,2,0
20210303,03-03-2021,2021,1,3,March,9,3,0
20210304,04-03-2021,2021,1,3,March,9,4,0
20210305,05-03-2021,2021,1,3,March,9,5,0
20210306,06-03-2021,2021,1,3,March,9,6,1
20210307,07-03-2021,2021,1,3,March,9,7,1
20210308,08-03-2021,2021,1,3,March,10,8,0
20210309,09-03-2021,2021,1,3,March,10,9,0
20210310,10-03-2021,2021,1,3,March,10,10,0
20210311,11-03-2021,2021,1,3,March,10,11,0
20210312,12-03-2021,2021,1,3,March,10,12,0
20210313,13-03-2021,2021,1,3,March,10,13,1
20210314,14-03-2021,2021,1,3,March,10,14,1
20210315,15-03-2021,2021,1,3,March,11,15,0
20210316,16-03-2021,2021,1,3,March,11,16,0
20210317,17-03-2021,2021,1,3,March,11,17,0
20210318,18-03-2021,2021,1,3,March,11,18,0
20210319,19-03-2021,2021,1,3,March,11,19,0
20210320,20-03-2021,2021,1,3,March,11,20,1
20210321,21-03-2021,2021,1,3,March,11,21,1
20210322,22-03-2021,2021,1,3,March,12,22,0
20210323,23-03-2021,2021,1,3,March,12,23,0
20210324,24-03-2021,2021,1,3,March,12,24,0
20210325,25-03-2021,2021,1,3,March,12,25,0
20210326,26-03-2021,2021,1,3,March,12,26,0
20210327,27-03-2021,2021,1,3,March,12,27,1
20210328,28-03-2021,2021,1,3,March,12,28,1
20210329,29-03-2021,2021,1,3,March,13,29,0
20210330,30-03-2021,2021,1,3,March,13,30,0
20210331,31-03-2021,2021,1,3,March,13,31,0
20210401,01-04-2021,2021,2,4,April,13,1,0
20210402,02-04-2021,2021,2,4,April,13,2,0
20210403,03-04-2021,2021,2,4,April,13,3,1
20210404,04-04-2021,2021,2,4,April,13,4,1
20210405,05-04-2021,2021,2,4,April,14,5,0
20210406,06-04-2021,2021,2,4,April,14,6,0
20210407,07-04-2021,2021,2,4,April,14,7,0
20210408,08-04-2021,2021,2,4,April,14,8,0
20210409,09-04-2021,2021,2,4,April,14,9,0
20210410,10-04-2021,2021,2,4,April,14,10,1
20210411,11-04-2021,2021,2,4,April,14,11,1
20210412,12-04-2021,2021,2,4,April,15,12,0
20210413,13-04-2021,2021,2,4,April,15,13,0
20210414,14-04-2021,2021,2,4,April,15,14,0
20210415,15-04-2021,2021,2,4,April,15,15,0
20210416,16-04-2021,2021,2,4,April,15,16,0
20210417,17-04-2021,2021,2,4,April,15,17,1
20210418,18-04-2021,2021,2,4,April,15,18,1
20210419,19-04-2021,2021,2,4,April,16,19,0
20210420,20-04-2021,2021,2,4,April,16,20,0
20210421,21-04-2021,2021,2,4,April,16,21,0
20210422,22-04-2021,2021,2,4,April,16,22,0
20210423,23-04-2021,2021,2,4,April,16,23,0
20210424,24-04-2021,2021,2,4,April,16,24,1
20210425,25-04-2021,2021,2,4,April,16,25,1
20210426,26-04-2021,2021,2,4,April,17,26,0
20210427,27-04-2021,2021,2,4,April,17,27,0
20210428,28-04-2021,2021,2,4,April,17,28,0
20210429,29-04-2021,2021,2,4,April,17,29,0
20210430,30-04-2021,2021,2,4,April,17,30,0
20210501,01-05-2021,2021,2,5,May,17,1,1
20210502,02-05-2021,2021,2,5,May,17,2,1
20210503,03-05-2021,2021,2,5,May,18,3,0
20210504,04-05-2021,2021,2,5,May,18,4,0
20210505,05-05-2021,2021,2,5,May,18,5,0
20210506,06-05-2021,2021,2,5,May,18,6,0
20210507,07-05-2021,2021,2,5,May,18,7,0
20210508,08-05-2021,2021,2,5,May,18,8,1
20210509,09-05-2021,2021,2,5,May,18,9,1
20210510,10-05-2021,2021,2,5,May,19,10,0
20210511,11-05-2021,2021,2,5,May,19,11,0
20210512,12-05-2021,2021,2,5,May,19,12,0
20210513,13-05-2021,2021,2,5,May,19,13,0
20210514,14-05-2021,2021,2,5,May,19,14,0
20210515,15-05-2021,2021,2,5,May,19,15,1
20210516,16-05-2021,2021,2,5,May,19,16,1
20210517,17-05-2021,2021,2,5,May,20,17,0
20210518,18-05-2021,2021,2,5,May,20,18,0
20210519,19-05-2021,2021,2,5,May,20,19,0
20210520,20-05-2021,2021,2,5,May,20,20,0
20210521,21-05-2021,2021,2,5,May,20,21,0
20210522,22-05-2021,2021,2,5,May,20,22,1
20210523,23-05-2021,2021,2,5,May,20,23,1
20210524,24-05-2021,2021,2,5,May,21,24,0
20210525,25-05-2021,2021,2,5,May,21,25,0
20210526,26-05-2021,2021,2,5,May,21,26,0
20210527,27-05-2021,2021,2,5,May,21,27,0
20210528,28-05-2021,2021,2,5,May,21,28,0
20210529,29-05-2021,2021,2,5,May,21,29,1
20210530,30-05-2021,2021,2,5,May,21,30,1
20210531,31-05-2021,2021,2,5,May,22,31,0
20210601,01-06-2021,2021,2,6,June,22,1,0
20210602,02-06-2021,2021,2,6,June,22,2,0
20210603,03-06-2021,2021,2,6,June,22,3,0
20210604,04-06-2021,2021,2,6,June,22,4,0
20210605,05-06-2021,2021,2,6,June,22,5,1
20210606,06-06-2021,2021,2,6,June,22,6,1
20210607,07-06-2021,2021,2,6,June,23,7,0
20210608,08-06-2021,2021,2,6,June,23,8,0
20210609,09-06-2021,2021,2,6,June,23,9,0
20210610,10-06-2021,2021,2,6,June,23,10,0
20210611,11-06-2021,2021,2,6,June,23,11,0
20210612,12-06-2021,2021,2,6,June,23,12,1
20210613,13-06-2021,2021,2,6,June,23,13,1
20210614,14-06-2021,2021,2,6,June,24,14,0
20210615,15-06-2021,2021,2,6,June,24,15,0
20210616,16-06-2021,2021,2,6,June,24,16,0
20210617,17-06-2021,2021,2,6,June,24,17,0
20210618,18-06-2021,2021,2,6,June,24,18,0
20210619,19-06-2021,2021,2,6,June,24,19,1
20210620,20-06-2021,2021,2,6,June,24,20,1
20210621,21-06-2021,2021,2,6,June,25,21,0
20210622,22-06-2021,2021,2,6,June,25,22,0
20210623,23-06-2021,2021,2,6,June,25,23,0
20210624,24-06-2021,2021,2,6,June,25,24,0
20210625,25-06-2021,2021,2,6,June,25,25,0
20210626,26-06-2021,2021,2,6,June,25,26,1
20210627,27-06-2021,2021,2,6,June,25,27,1
20210628,28-06-2021,2021,2,6,June,26,28,0
20210629,29-06-2021,2021,2,6,June,26,29,0
20210630,30-06-2021,2021,2,6,June,26,30,0
20210701,01-07-2021,2021,3,7,July,26,1,0
20210702,02-07-2021,2021,3,7,July,26,2,0
20210703,03-07-2021,2021,3,7,July,26,3,1
20210704,04-07-2021,2021,3,7,July,26,4,1
20210705,05-07-2021,2021,3,7,July,27,5,0
20210706,06-07-2021,2021,3,7,July,27,6,0
20210707,07-07-2021,2021,3,7,July,27,7,0
20210708,08-07-2021,2021,3,7,July,27,8,0
20210709,09-07-2021,2021,3,7,July,27,9,0
20210710,10-07-2021,2021,3,7,July,27,10,1
20210711,11-07-2021,2021,3,7,July,27,11,1
20210712,12-07-2021,2021,3,7,July,28,12,0
20210713,13-07-2021,2021,3,7,July,28,13,0
20210714,14-07-2021,2021,3,7,July,28,14,0
20210715,15-07-2021,2021,3,7,July,28,15,0
20210716,16-07-2021,2021,3,7,July,28,16,0
20210717,17-07-2021,2021,3,7,July,28,17,1
20210718,18-07-2021,2021,3,7,July,28,18,1
20210719,19-07-2021,2021,3,7,July,29,19,0
20210720,20-07-2021,2021,3,7,July,29,20,0
20210721,21-07-2021,2021,3,7,July,29,21,0
20210722,22-07-2021,2021,3,7,July,29,22,0
20210723,23-07-2021,2021,3,7,July,29,23,0
20210724,24-07-2021,2021,3,7,July,29,24,1
20210725,25-07-2021,2021,3,7,July,29,25,1
20210726,26-07-2021,2021,3,7,July,30,26,0
20210727,27-07-2021,2021,3,7,July,30,27,0
20210728,28-07-2021,2021,3,7,July,30,28,0
20210729,29-07-2021,2021,3,7,July,30,29,0
20210730,30-07-2021,2021,3,7,July,30,30,0
20210731,31-07-2021,2021,3,7,July,30,31,1
20210801,01-08-2021,2021,3,8,August,30,1,1
20210802,02-08-2021,2021,3,8,August,31,2,0
20210803,03-08-2021,2021,3,8,August,31,3,0
20210804,04-08-2021,2021,3,8,August,31,4,0
20210805,05-08-2021,2021,3,8,August,31,5,0
20210806,06-08-2021,2021,3,8,August,31,6,0
20210807,07-08-2021,2021,3,8,August,31,7,1
20210808,08-08-2021,2021,3,8,August,31,8,1
20210809,09-08-2021,2021,3,8,August,32,9,0
20210810,10-08-2021,2021,3,8,August,32,10,0
20210811,11-08-2021,2021,3,8,August,32,11,0
20210812,12-08-2021,2021,3,8,August,32,12,0
20210813,13-08-2021,2021,3,8,August,32,13,0
20210814,14-08-2021,2021,3,8,August,32,14,1
20210815,15-08-2021,2021,3,8,August,32,15,1
20210816,16-08-2021,2021,3,8,August,33,16,0
20210817,17-08-2021,2021,3,8,August,33,17,0
20210818,18-08-2021,2021,3,8,August,33,18,0
20210819,19-08-2021,2021,3,8,August,33,19,0
20210820,20-08-2021,2021,3,8,August,33,20,0
20210821,21-08-2021,2021,3,8,August,33,21,1
20210822,22-08-2021,2021,3,8,August,33,22,1
20210823,23-08-2021,2021,3,8,August,34,23,0
20210824,24-08-2021,2021,3,8,August,34,24,0
20210825,25-08-2021,2021,3,8,August,34,25,0
20210826,26-08-2021,2021,3,8,August,34,26,0
20210827,27-08-2021,2021,3,8,August,34,27,0
20210828,28-08-2021,2021,3,8,August,34,28,1
20210829,29-08-2021,2021,3,8,August,34,29,1
20210830,30-08-2021,2021,3,8,August,35,30,0
20210831,31-08-2021,2021,3,8,August,35,31,0
20210901,01-09-2021,2021,3,9,September,35,1,0
20210902,02-09-2021,2021,3,9,September,35,2,0
20210903,03-09-2021,2021,3,9,September,35,3,0
20210904,04-09-2021,2021,3,9,September,35,4,1
20210905,05-09-2021,2021,3,9,September,35,5,1
20210906,06-09-2021,2021,3,9,September,36,6,0
20210907,07-09-2021,2021,3,9,September,36,7,0
20210908,08-09-2021,2021,3,9,September,36,8,0
20210909,09-09-2021,2021,3,9,September,36,9,0
20210910,10-09-2021,2021,3,9,September,36,10,0
20210911,11-09-2021,2021,3,9,September,36,11,1
20210912,12-09-2021,2021,3,9,September,36,12,1
20210913,13-09-2021,2021,3,9,September,37,13,0
20210914,14-09-2021,2021,3,9,September,37,14,0
20210915,15-09-2021,2021,3,9,September,37,15,0
20210916,16-09-2021,2021,3,9,September,37,16,0
20210917,17-09-2021,2021,3,9,September,37,17,0
20210918,18-09-2021,2021,3,9,September,37,18,1
20210919,19-09-2021,2021,3,9,September,37,19,1
20210920,20-09-2021,2021,3,9,September,38,20,0
20210921,21-09-2021,2021,3,9,September,38,21,0
20210922,22-09-2021,2021,3,9,September,38,22,0
20210923,23-09-2021,2021,3,9,September,38,23,0
20210924,24-09-2021,2021,3,9,September,38,24,0
20210925,25-09-2021,2021,3,9,September,38,25,1
20210926,26-09-2021,2021,3,9,September,38,26,1
20210927,27-09-2021,2021,3,9,September,39,27,0
20210928,28-09-2021,2021,3,9,September,39,28,0
20210929,29-09-2021,2021,3,9,September,39,29,0
20210930,30-09-2021,2021,3,9,September,39,30,0
20211001,01-10-2021,2021,4,10,October,39,1,0
20211002,02-10-2021,2021,4,10,October,39,2,1
20211003,03-10-2021,2021,4,10,October,39,3,1
20211004,04-10-2021,2021,4,10,October,40,4,0
20211005,05-10-2021,2021,4,10,October,40,5,0
20211006,06-10-2021,2021,4,10,October,40,6,0
20211007,07-10-2021,2021,4,10,October,40,7,0
20211008,08-10-2021,2021,4,10,October,40,8,0
20211009,09-10-2021,2021,4,10,October,40,9,1
20211010,10-10-2021,2021,4,10,October,40,10,1
20211011,11-10-2021,2021,4,10,October,41,11,0
20211012,12-10-2021,2021,4,10,October,41,12,0
20211013,13-10-2021,2021,4,10,October,41,13,0
20211014,14-10-2021,2021,4,10,October,41,14,0
20211015,15-10-2021,2021,4,10,October,41,15,0
20211016,16-10-2021,2021,4,10,October,41,16,1
20211017,17-10-2021,2021,4,10,October,41,17,1
20211018,18-10-2021,2021,4,10,October,42,18,0
20211019,19-10-2021,2021,4,10,October,42,19,0
20211020,20-10-2021,2021,4,10,October,42,20,0
20211021,21-10-2021,2021,4,10,October,42,21,0
20211022,22-10-2021,2021,4,10,October,42,22,0
20211023,23-10-2021,2021,4,10,October,42,23,1
20211024,24-10-2021,2021,4,10,October,42,24,1
20211025,25-10-2021,2021,4,10,October,43,25,0
20211026,26-10-2021,2021,4,10,October,43,26,0
20211027,27-10-2021,2021,4,10,October,43,27,0
20211028,28-10-2021,2021,4,10,October,43,28,0
20211029,29-10-2021,2021,4,10,October,43,29,0
20211030,30-10-2021,2021,4,10,October,43,30,1
20211031,31-10-2021,2021,4,10,October,43,31,1
20211101,01-11-2021,2021,4,11,November,44,1,0
20211102,02-11-2021,2021,4,11,November,44,2,0
20211103,03-11-2021,2021,4,11,November,44,3,0
20211104,04-11-2021,2021,4,11,November,44,4,0
20211105,05-11-2021,2021,4,11,November,44,5,0
20211106,06-11-2021,2021,4,11,November,44,6,1
20211107,07-11-2021,2021,4,11,November,44,7,1
20211108,08-11-2021,2021,4,11,November,45,8,0
20211109,09-11-2021,2021,4,11,November,45,9,0
20211110,10-11-2021,2021,4,11,November,45,10,0
20211111,11-11-2021,2021,4,11,November,45,11,0
20211112,12-11-2021,2021,4,11,November,45,12,0
20211113,13-11-2021,2021,4,11,November,45,13,1
20211114,14-11-2021,2021,4,11,November,45,14,1
20211115,15-11-2021,2021,4,11,November,46,15,0
20211116,16-11-2021,2021,4,11,November,46,16,0
20211117,17-11-2021,2021,4,11,November,46,17,0
20211118,18-11-2021,2021,4,11,November,46,18,0
20211119,19-11-2021,2021,4,11,November,46,19,0
20211120,20-11-2021,2021,4,11,November,46,20,1
20211121,21-11-2021,2021,4,11,November,46,21,1
20211122,22-11-2021,2021,4,11,November,47,22,0
20211123,23-11-2021,2021,4,11,November,47,23,0
20211124,24-11-2021,2021,4,11,November,47,24,0
20211125,25-11-2021,2021,4,11,November,47,25,0
20211126,26-11-2021,2021,4,11,November,47,26,0
20211127,27-11-2021,2021,4,11,November,47,27,1
20211128,28-11-2021,2021,4,11,November,47,28,1
20211129,29-11-2021,2021,4,11,November,48,29,0
20211130,30-11-2021,2021,4,11,November,48,30,0
20211201,01-12-2021,2021,4,12,December,48,1,0
20211202,02-12-2021,2021,4,12,December,48,2,0
20211203,03-12-2021,2021,4,12,December,48,3,0
20211204,04-12-2021,2021,4,12,December,48,4,1
20211205,05-12-2021,2021,4,12,December,48,5,1
20211206,06-12-2021,2021,4,12,December,49,6,0
20211207,07-12-2021,2021,4,12,December,49,7,0
20211208,08-12-2021,2021,4,12,December,49,8,0
20211209,09-12-2021,2021,4,12,December,49,9,0
20211210,10-12-2021,2021,4,12,December,49,10,0
20211211,11-12-2021,2021,4,12,December,49,11,1
20211212,12-12-2021,2021,4,12,December,49,12,1
20211213,13-12-2021,2021,4,12,December,50,13,0
20211214,14-12-2021,2021,4,12,December,50,14,0
20211215,15-12-2021,2021,4,12,December,50,15,0
20211216,16-12-2021,2021,4,12,December,50,16,0
20211217,17-12-2021,2021,4,12,December,50,17,0
20211218,18-12-2021,2021,4,12,December,50,18,1
20211219,19-12-2021,2021,4,12,December,50,19,1
20211220,20-12-2021,2021,4,12,December,51,20,0
20211221,21-12-2021,2021,4,12,December,51,21,0
20211222,22-12-2021,2021,4,12,December,51,22,0
20211223,23-12-2021,2021,4,12,December,51,23,0
20211224,24-12-2021,2021,4,12,December,51,24,0
20211225,25-12-2021,2021,4,12,December,51,25,1
20211226,26-12-2021,2021,4,12,December,51,26,1
20211227,27-12-2021,2021,4,12,December,52,27,0
20211228,28-12-2021,2021,4,12,December,52,28,0
20211229,29-12-2021,2021,4,12,December,52,29,0
20211230,30-12-2021,2021,4,12,December,52,30,0
20211231,31-12-2021,2021,4,12,December,52,31,0
20220101,01-01-2022,2022,1,1,January,52,1,1
20220102,02-01-2022,2022,1,1,January,52,2,1
20220103,03-01-2022,2022,1,1,January,1,3,0
20220104,04-01-2022,2022,1,1,January,1,4,0
20220105,05-01-2022,2022,1,1,January,1,5,0
20220106,06-01-2022,2022,1,1,January,1,6,0
20220107,07-01-2022,2022,1,1,January,1,7,0
20220108,08-01-2022,2022,1,1,January,1,8,1
20220109,09-01-2022,2022,1,1,January,1,9,1
20220110,10-01-2022,2022,1,1,January,2,10,0
20220111,11-01-2022,2022,1,1,January,2,11,0
20220112,12-01-2022,2022,1,1,January,2,12,0
20220113,13-01-2022,2022,1,1,January,2,13,0
20220114,14-01-2022,2022,1,1,January,2,14,0
20220115,15-01-2022,2022,1,1,January,2,15,1
20220116,16-01-2022,2022,1,1,January,2,16,1
20220117,17-01-2022,2022,1,1,January,3,17,0
20220118,18-01-2022,2022,1,1,January,3,18,0
20220119,19-01-2022,2022,1,1,January,3,19,0
20220120,20-01-2022,2022,1,1,January,3,20,0
20220121,21-01-2022,2022,1,1,January,3,21,0
20220122,22-01-2022,2022,1,1,January,3,22,1
20220123,23-01-2022,2022,1,1,January,3,23,1
20220124,24-01-2022,2022,1,1,January,4,24,0
20220125,25-01-2022,2022,1,1,January,4,25,0
20220126,26-01-2022,2022,1,1,January,4,26,0
20220127,27-01-2022,2022,1,1,January,4,27,0
20220128,28-01-2022,2022,1,1,January,4,28,0
20220129,29-01-2022,2022,1,1,January,4,29,1
20220130,30-01-2022,2022,1,1,January,4,30,1
20220131,31-01-2022,2022,1,1,January,5,31,0
20220201,01-02-2022,2022,1,2,February,5,1,0
20220202,02-02-2022,2022,1,2,February,5,2,0
20220203,03-02-2022,2022,1,2,February,5,3,0
20220204,04-02-2022,2022,1,2,February,5,4,0
20220205,05-02-2022,2022,1,2,February,5,5,1
20220206,06-02-2022,2022,1,2,February,5,6,1
20220207,07-02-2022,2022,1,2,February,6,7,0
20220208,08-02-2022,2022,1,2,February,6,8,0
20220209,09-02-2022,2022,1,2,February,6,9,0
20220210,10-02-2022,2022,1,2,February,6,10,0
20220211,11-02-2022,2022,1,2,February,6,11,0
20220212,12-02-2022,2022,1,2,February,6,12,1
20220213,13-02-2022,2022,1,2,February,6,13,1
20220214,14-02-2022,2022,1,2,February,7,14,0
20220215,15-02-2022,2022,1,2,February,7,15,0
20220216,16-02-2022,2022,1,2,February,7,16,0
20220217,17-02-2022,2022,1,2,February,7,17,0
20220218,18-02-2022,2022,1,2,February,7,18,0
20220219,19-02-2022,2022,1,2,February,7,19,1
20220220,20-02-2022,2022,1,2,February,7,20,1
20220221,21-02-2022,2022,1,2,February,8,21,0
20220222,22-02-2022,2022,1,2,February,8,22,0
20220223,23-02-2022,2022,1,2,February,8,23,0
20220224,24-02-2022,2022,1,2,February,8,24,0
20220225,25-02-2022,2022,1,2,February,8,25,0
20220226,26-02-2022,2022,1,2,February,8,26,1
20220227,27-02-2022,2022,1,2,February,8,27,1
20220228,28-02-2022,2022,1,2,February,9,28,0
20220301,01-03-2022,2022,1,3,March,9,1,0
20220302,02-03-2022,2022,1,3,March,9,2,0
20220303,03-03-2022,2022,1,3,March,9,3,0
20220304,04-03-2022,2022,1,3,March,9,4,0
20220305,05-03-2022,2022,1,3,March,9,5,1
20220306,06-03-2022,2022,1,3,March,9,6,1
20220307,07-03-2022,2022,1,3,March,10,7,0
20220308,08-03-2022,2022,1,3,March,10,8,0
20220309,09-03-2022,2022,1,3,March,10,9,0
20220310,10-03-2022,2022,1,3,March,10,10,0
20220311,11-03-2022,2022,1,3,March,10,11,0
20220312,12-03-2022,2022,1,3,March,10,12,1
20220313,13-03-2022,2022,1,3,March,10,13,1
20220314,14-03-2022,2022,1,3,March,11,14,0
20220315,15-03-2022,2022,1,3,March,11,15,0
20220316,16-03-2022,2022,1,3,March,11,16,0
20220317,17-03-2022,2022,1,3,March,11,17,0
20220318,18-03-2022,2022,1,3,March,11,18,0
20220319,19-03-2022,2022,1,3,March,11,19,1
20220320,20-03-2022,2022,1,3,March,11,20,1
20220321,21-03-2022,2022,1,3,March,12,21,0
20220322,22-03-2022,2022,1,3,March,12,22,0
20220323,23-03-2022,2022,1,3,March,12,23,0
20220324,24-03-2022,2022,1,3,March,12,24,0
20220325,25-03-2022,2022,1,3,March,12,25,0
20220326,26-03-2022,2022,1,3,March,12,26,1
20220327,27-03-2022,2022,1,3,March,12,27,1
20220328,28-03-2022,2022,1,3,March,13,28,0
20220329,29-03-2022,2022,1,3,March,13,29,0
20220330,30-03-2022,2022,1,3,March,13,30,0
20220331,31-03-2022,2022,1,3,March,13,31,0
20220401,01-04-2022,2022,2,4,April,13,1,0
20220402,02-04-2022,2022,2,4,April,13,2,1
20220403,03-04-2022,2022,2,4,April,13,3,1
20220404,04-04-2022,2022,2,4,April,14,4,0
20220405,05-04-2022,2022,2,4,April,14,5,0
20220406,06-04-2022,2022,2,4,April,14,6,0
20220407,07-04-2022,2022,2,4,April,14,7,0
20220408,08-04-2022,2022,2,4,April,14,8,0
20220409,09-04-2022,2022,2,4,April,14,9,1
20220410,10-04-2022,2022,2,4,April,14,10,1
20220411,11-04-2022,2022,2,4,April,15,11,0
20220412,12-04-2022,2022,2,4,April,15,12,0
20220413,13-04-2022,2022,2,4,April,15,13,0
20220414,14-04-2022,2022,2,4,April,15,14,0
20220415,15-04-2022,2022,2,4,April,15,15,0
20220416,16-04-2022,2022,2,4,April,15,16,1
20220417,17-04-2022,2022,2,4,April,15,17,1
20220418,18-04-2022,2022,2,4,April,16,18,0
20220419,19-04-2022,2022,2,4,April,16,19,0
20220420,20-04-2022,2022,2,4,April,16,20,0
20220421,21-04-2022,2022,2,4,April,16,21,0
20220422,22-04-2022,2022,2,4,April,16,22,0
20220423,23-04-2022,2022,2,4,April,16,23,1
20220424,24-04-2022,2022,2,4,April,16,24,1
20220425,25-04-2022,2022,2,4,April,17,25,0
20220426,26-04-2022,2022,2,4,April,17,26,0
20220427,27-04-2022,2022,2,4,April,17,27,0
20220428,28-04-2022,2022,2,4,April,17,28,0
20220429,29-04-2022,2022,2,4,April,17,29,0
20220430,30-04-2022,2022,2,4,April,17,30,1
20220501,01-05-2022,2022,2,5,May,17,1,1
20220502,02-05-2022,2022,2,5,May,18,2,0
20220503,03-05-2022,2022,2,5,May,18,3,0
20220504,04-05-2022,2022,2,5,May,18,4,0
20220505,05-05-2022,2022,2,5,May,18,5,0
20220506,06-05-2022,2022,2,5,May,18,6,0
20220507,07-05-2022,2022,2,5,May,18,7,1
20220508,08-05-2022,2022,2,5,May,18,8,1
20220509,09-05-2022,2022,2,5,May,19,9,0
20220510,10-05-2022,2022,2,5,May,19,10,0
20220511,11-05-2022,2022,2,5,May,19,11,0
20220512,12-05-2022,2022,2,5,May,19,12,0
20220513,13-05-2022,2022,2,5,May,19,13,0
20220514,14-05-2022,2022,2,5,May,19,14,1
20220515,15-05-2022,2022,2,5,May,19,15,1
20220516,16-05-2022,2022,2,5,May,20,16,0
20220517,17-05-2022,2022,2,5,May,20,17,0
20220518,18-05-2022,2022,2,5,May,20,18,0
20220519,19-05-2022,2022,2,5,May,20,19,0
20220520,20-05-2022,2022,2,5,May,20,20,0
20220521,21-05-2022,2022,2,5,May,20,21,1
20220522,22-05-2022,2022,2,5,May,20,22,1
20220523,23-05-2022,2022,2,5,May,21,23,0
20220524,24-05-2022,2022,2,5,May,21,24,0
20220525,25-05-2022,2022,2,5,May,21,25,0
20220526,26-05-2022,2022,2,5,May,21,26,0
20220527,27-05-2022,2022,2,5,May,21,27,0
20220528,28-05-2022,2022,2,5,May,21,28,1
20220529,29-05-2022,2022,2,5,May,21,29,1
20220530,30-05-2022,2022,2,5,May,22,30,0
20220531,31-05-2022,2022,2,5,May,22,31,0
20220601,01-06-2022,2022,2,6,June,22,1,0
20220602,02-06-2022,2022,2,6,June,22,2,0
20220603,03-06-2022,2022,2,6,June,22,3,0
20220604,04-06-2022,2022,2,6,June,22,4,1
20220605,05-06-2022,2022,2,6,June,22,5,1
20220606,06-06-2022,2022,2,6,June,23,6,0
20220607,07-06-2022,2022,2,6,June,23,7,0
20220608,08-06-2022,2022,2,6,June,23,8,0
20220609,09-06-2022,2022,2,6,June,23,9,0
20220610,10-06-2022,2022,2,6,June,23,10,0
20220611,11-06-2022,2022,2,6,June,23,11,1
20220612,12-06-2022,2022,2,6,June,23,12,1
20220613,13-06-2022,2022,2,6,June,24,13,0
20220614,14-06-2022,2022,2,6,June,24,14,0
20220615,15-06-2022,2022,2,6,June,24,15,0
20220616,16-06-2022,2022,2,6,June,24,16,0
20220617,17-06-2022,2022,2,6,June,24,17,0
20220618,18-06-2022,2022,2,6,June,24,18,1
20220619,19-06-2022,2022,2,6,June,24,19,1
20220620,20-06-2022,2022,2,6,June,25,20,0
20220621,21-06-2022,2022,2,6,June,25,21,0
20220622,22-06-2022,2022,2,6,June,25,22,0
20220623,23-06-2022,2022,2,6,June,25,23,0
20220624,24-06-2022,2022,2,6,June,25,24,0
20220625,25-06-2022,2022,2,6,June,25,25,1
20220626,26-06-2022,2022,2,6,June,25,26,1
20220627,27-06-2022,2022,2,6,June,26,27,0
20220628,28-06-2022,2022,2,6,June,26,28,0
20220629,29-06-2022,2022,2,6,June,26,29,0
20220630,30-06-2022,2022,2,6,June,26,30,0
20220701,01-07-2022,2022,3,7,July,26,1,0
20220702,02-07-2022,2022,3,7,July,26,2,1
20220703,03-07-2022,2022,3,7,July,26,3,1
20220704,04-07-2022,2022,3,7,July,27,4,0
20220705,05-07-2022,2022,3,7,July,27,5,0
20220706,06-07-2022,2022,3,7,July,27,6,0
20220707,07-07-2022,2022,3,7,July,27,7,0
20220708,08-07-2022,2022,3,7,July,27,8,0
20220709,09-07-2022,2022,3,7,July,27,9,1
20220710,10-07-2022,2022,3,7,July,27,10,1
20220711,11-07-2022,2022,3,7,July,28,11,0
20220712,12-07-2022,2022,3,7,July,28,12,0
20220713,13-07-2022,2022,3,7,July,28,13,0
20220714,14-07-2022,2022,3,7,July,28,14,0
20220715,15-07-2022,2022,3,7,July,28,15,0
20220716,16-07-2022,2022,3,7,July,28,16,1
20220717,17-07-2022,2022,3,7,July,28,17,1
20220718,18-07-2022,2022,3,7,July,29,18,0
20220719,19-07-2022,2022,3,7,July,29,19,0
20220720,20-07-2022,2022,3,7,July,29,20,0
20220721,21-07-2022,2022,3,7,July,29,21,0
20220722,22-07-2022,2022,3,7,July,29,22,0
20220723,23-07-2022,2022,3,7,July,29,23,1
20220724,24-07-2022,2022,3,7,July,29,24,1
20220725,25-07-2022,2022,3,7,July,30,25,0
20220726,26-07-2022,2022,3,7,July,30,26,0
20220727,27-07-2022,2022,3,7,July,30,27,0
20220728,28-07-2022,2022,3,7,July,30,28,0
20220729,29-07-2022,2022,3,7,July,30,29,0
20220730,30-07-2022,2022,3,7,July,30,30,1
20220731,31-07-2022,2022,3,7,July,30,31,1
20220801,01-08-2022,2022,3,8,August,31,1,0
20220802,02-08-2022,2022,3,8,August,31,2,0
20220803,03-08-2022,2022,3,8,August,31,3,0
20220804,04-08-2022,2022,3,8,August,31,4,0
20220805,05-08-2022,2022,3,8,August,31,5,0
20220806,06-08-2022,2022,3,8,August,31,6,1
20220807,07-08-2022,2022,3,8,August,31,7,1
20220808,08-08-2022,2022,3,8,August,32,8,0
20220809,09-08-2022,2022,3,8,August,32,9,0
20220810,10-08-2022,2022,3,8,August,32,10,0
20220811,11-08-2022,2022,3,8,August,32,11,0
20220812,12-08-2022,2022,3,8,August,32,12,0
20220813,13-08-2022,2022,3,8,August,32,13,1
20220814,14-08-2022,2022,3,8,August,32,14,1
20220815,15-08-2022,2022,3,8,August,33,15,0
20220816,16-08-2022,2022,3,8,August,33,16,0
20220817,17-08-2022,2022,3,8,August,33,17,0
20220818,18-08-2022,2022,3,8,August,33,18,0
20220819,19-08-2022,2022,3,8,August,33,19,0
20220820,20-08-2022,2022,3,8,August,33,20,1
20220821,21-08-2022,2022,3,8,August,33,21,1
20220822,22-08-2022,2022,3,8,August,34,22,0
20220823,23-08-2022,2022,3,8,August,34,23,0
20220824,24-08-2022,2022,3,8,August,34,24,0
20220825,25-08-2022,2022,3,8,August,34,25,0
20220826,26-08-2022,2022,3,8,August,34,26,0
20220827,27-08-2022,2022,3,8,August,34,27,1
20220828,28-08-2022,2022,3,8,August,34,28,1
20220829,29-08-2022,2022,3,8,August,35,29,0
20220830,30-08-2022,2022,3,8,August,35,30,0
20220831,31-08-2022,2022,3,8,August,35,31,0
20220901,01-09-2022,2022,3,9,September,35,1,0
20220902,02-09-2022,2022,3,9,September,35,2,0
20220903,03-09-2022,2022,3,9,September,35,3,1
20220904,04-09-2022,2022,3,9,September,35,4,1
20220905,05-09-2022,2022,3,9,September,36,5,0
20220906,06-09-2022,2022,3,9,September,36,6,0
20220907,07-09-2022,2022,3,9,September,36,7,0
20220908,08-09-2022,2022,3,9,September,36,8,0
20220909,09-09-2022,2022,3,9,September,36,9,0
20220910,10-09-2022,2022,3,9,September,36,10,1
20220911,11-09-2022,2022,3,9,September,36,11,1
20220912,12-09-2022,2022,3,9,September,37,12,0
20220913,13-09-2022,2022,3,9,September,37,13,0
20220914,14-09-2022,2022,3,9,September,37,14,0
20220915,15-09-2022,2022,3,9,September,37,15,0
20220916,16-09-2022,2022,3,9,September,37,16,0
20220917,17-09-2022,2022,3,9,September,37,17,1
20220918,18-09-2022,2022,3,9,September,37,18,1
20220919,19-09-2022,2022,3,9,September,38,19,0
20220920,20-09-2022,2022,3,9,September,38,20,0
20220921,21-09-2022,2022,3,9,September,38,21,0
20220922,22-09-2022,2022,3,9,September,38,22,0
20220923,23-09-2022,2022,3,9,September,38,23,0
20220924,24-09-2022,2022,3,9,September,38,24,1
20220925,25-09-2022,2022,3,9,September,38,25,1
20220926,26-09-2022,2022,3,9,September,39,26,0
20220927,27-09-2022,2022,3,9,September,39,27,0
20220928,28-09-2022,2022,3,9,September,39,28,0
20220929,29-09-2022,2022,3,9,September,39,29,0
20220930,30-09-2022,2022,3,9,September,39,30,0
20221001,01-10-2022,2022,4,10,October,39,1,1
20221002,02-10-2022,2022,4,10,October,39,2,1
20221003,03-10-2022,2022,4,10,October,40,3,0
20221004,04-10-2022,2022,4,10,October,40,4,0
20221005,05-10-2022,2022,4,10,October,40,5,0
20221006,06-10-2022,2022,4,10,October,40,6,0
20221007,07-10-2022,2022,4,10,October,40,7,0
20221008,08-10-2022,2022,4,10,October,40,8,1
20221009,09-10-2022,2022,4,10,October,40,9,1
20221010,10-10-2022,2022,4,10,October,41,10,0
20221011,11-10-2022,2022,4,10,October,41,11,0
20221012,12-10-2022,2022,4,10,October,41,12,0
20221013,13-10-2022,2022,4,10,October,41,13,0
20221014,14-10-2022,2022,4,10,October,41,14,0
20221015,15-10-2022,2022,4,10,October,41,15,1
20221016,16-10-2022,2022,4,10,October,41,16,1
20221017,17-10-2022,2022,4,10,October,42,17,0
20221018,18-10-2022,2022,4,10,October,42,18,0
20221019,19-10-2022,2022,4,10,October,42,19,0
20221020,20-10-2022,2022,4,10,October,42,20,0
20221021,21-10-2022,2022,4,10,October,42,21,0
20221022,22-10-2022,2022,4,10,October,42,22,1
20221023,23-10-2022,2022,4,10,October,42,23,1
20221024,24-10-2022,2022,4,10,October,43,24,0
20221025,25-10-2022,2022,4,10,October,43,25,0
20221026,26-10-2022,2022,4,10,October,43,26,0
20221027,27-10-2022,2022,4,10,October,43,27,0
20221028,28-10-2022,2022,4,10,October,43,28,0
20221029,29-10-2022,2022,4,10,October,43,29,1
20221030,30-10-2022,2022,4,10,October,43,30,1
20221031,31-10-2022,2022,4,10,October,44,31,0
20221101,01-11-2022,2022,4,11,November,44,1,0
20221102,02-11-2022,2022,4,11,November,44,2,0
20221103,03-11-2022,2022,4,11,November,44,3,0
20221104,04-11-2022,2022,4,11,November,44,4,0
20221105,05-11-2022,2022,4,11,November,44,5,1
20221106,06-11-2022,2022,4,11,November,44,6,1
20221107,07-11-2022,2022,4,11,November,45,7,0
20221108,08-11-2022,2022,4,11,November,45,8,0
20221109,09-11-2022,2022,4,11,November,45,9,0
20221110,10-11-2022,2022,4,11,November,45,10,0
20221111,11-11-2022,2022,4,11,November,45,11,0
20221112,12-11-2022,2022,4,11,November,45,12,1
20221113,13-11-2022,2022,4,11,November,45,13,1
20221114,14-11-2022,2022,4,11,November,46,14,0
20221115,15-11-2022,2022,4,11,November,46,15,0
20221116,16-11-2022,2022,4,11,November,46,16,0
20221117,17-11-2022,2022,4,11,November,46,17,0
20221118,18-11-2022,2022,4,11,November,46,18,0
20221119,19-11-2022,2022,4,11,November,46,19,1
20221120,20-11-2022,2022,4,11,November,46,20,1
20221121,21-11-2022,2022,4,11,November,47,21,0
20221122,22-11-2022,2022,4,11,November,47,22,0
20221123,23-11-2022,2022,4,11,November,47,23,0
20221124,24-11-2022,2022,4,11,November,47,24,0
20221125,25-11-2022,2022,4,11,November,47,25,0
20221126,26-11-2022,2022,4,11,November,47,26,1
20221127,27-11-2022,2022,4,11,November,47,27,1
20221128,28-11-2022,2022,4,11,November,48,28,0
20221129,29-11-2022,2022,4,11,November,48,29,0
20221130,30-11-2022,2022,4,11,November,48,30,0
20221201,01-12-2022,2022,4,12,December,48,1,0
20221202,02-12-2022,2022,4,12,December,48,2,0
20221203,03-12-2022,2022,4,12,December,48,3,1
20221204,04-12-2022,2022,4,12,December,48,4,1
20221205,05-12-2022,2022,4,12,December,49,5,0
20221206,06-12-2022,2022,4,12,December,49,6,0
20221207,07-12-2022,2022,4,12,December,49,7,0
20221208,08-12-2022,2022,4,12,December,49,8,0
20221209,09-12-2022,2022,4,12,December,49,9,0
20221210,10-12-2022,2022,4,12,December,49,10,1
20221211,11-12-2022,2022,4,12,December,49,11,1
20221212,12-12-2022,2022,4,12,December,50,12,0
20221213,13-12-2022,2022,4,12,December,50,13,0
20221214,14-12-2022,2022,4,12,December,50,14,0
20221215,15-12-2022,2022,4,12,December,50,15,0
20221216,16-12-2022,2022,4,12,December,50,16,0
20221217,17-12-2022,2022,4,12,December,50,17,1
20221218,18-12-2022,2022,4,12,December,50,18,1
20221219,19-12-2022,2022,4,12,December,51,19,0
20221220,20-12-2022,2022,4,12,December,51,20,0
20221221,21-12-2022,2022,4,12,December,51,21,0
20221222,22-12-2022,2022,4,12,December,51,22,0
20221223,23-12-2022,2022,4,12,December,51,23,0
20221224,24-12-2022,2022,4,12,December,51,24,1
20221225,25-12-2022,2022,4,12,December,51,25,1
20221226,26-12-2022,2022,4,12,December,52,26,0
20221227,27-12-2022,2022,4,12,December,52,27,0
20221228,28-12-2022,2022,4,12,December,52,28,0
20221229,29-12-2022,2022,4,12,December,52,29,0
20221230,30-12-2022,2022,4,12,December,52,30,0
20221231,31-12-2022,2022,4,12,December,52,31,1
20230101,01-01-2023,2023,1,1,January,52,1,1
20230102,02-01-2023,2023,1,1,January,1,2,0
20230103,03-01-2023,2023,1,1,January,1,3,0
20230104,04-01-2023,2023,1,1,January,1,4,0
20230105,05-01-2023,2023,1,1,January,1,5,0
20230106,06-01-2023,2023,1,1,January,1,6,0
20230107,07-01-2023,2023,1,1,January,1,7,1
20230108,08-01-2023,2023,1,1,January,1,8,1
20230109,09-01-2023,2023,1,1,January,2,9,0
20230110,10-01-2023,2023,1,1,January,2,10,0
20230111,11-01-2023,2023,1,1,January,2,11,0
20230112,12-01-2023,2023,1,1,January,2,12,0
20230113,13-01-2023,2023,1,1,January,2,13,0
20230114,14-01-2023,2023,1,1,January,2,14,1
20230115,15-01-2023,2023,1,1,January,2,15,1
20230116,16-01-2023,2023,1,1,January,3,16,0
20230117,17-01-2023,2023,1,1,January,3,17,0
20230118,18-01-2023,2023,1,1,January,3,18,0
20230119,19-01-2023,2023,1,1,January,3,19,0
20230120,20-01-2023,2023,1,1,January,3,20,0
20230121,21-01-2023,2023,1,1,January,3,21,1
20230122,22-01-2023,2023,1,1,January,3,22,1
20230123,23-01-2023,2023,1,1,January,4,23,0
20230124,24-01-2023,2023,1,1,January,4,24,0
20230125,25-01-2023,2023,1,1,January,4,25,0
20230126,26-01-2023,2023,1,1,January,4,26,0
20230127,27-01-2023,2023,1,1,January,4,27,0
20230128,28-01-2023,2023,1,1,January,4,28,1
20230129,29-01-2023,2023,1,1,January,4,29,1
20230130,30-01-2023,2023,1,1,January,5,30,0
20230131,31-01-2023,2023,1,1,January,5,31,0
20230201,01-02-2023,2023,1,2,February,5,1,0
20230202,02-02-2023,2023,1,2,February,5,2,0
20230203,03-02-2023,2023,1,2,February,5,3,0
20230204,04-02-2023,2023,1,2,February,5,4,1
20230205,05-02-2023,2023,1,2,February,5,5,1
20230206,06-02-2023,2023,1,2,February,6,6,0
20230207,07-02-2023,2023,1,2,February,6,7,0
20230208,08-02-2023,2023,1,2,February,6,8,0
20230209,09-02-2023,2023,1,2,February,6,9,0
20230210,10-02-2023,2023,1,2,February,6,10,0
20230211,11-02-2023,2023,1,2,February,6,11,1
20230212,12-02-2023,2023,1,2,February,6,12,1
20230213,13-02-2023,2023,1,2,February,7,13,0
20230214,14-02-2023,2023,1,2,February,7,14,0
20230215,15-02-2023,2023,1,2,February,7,15,0
20230216,16-02-2023,2023,1,2,February,7,16,0
20230217,17-02-2023,2023,1,2,February,7,17,0
20230218,18-02-2023,2023,1,2,February,7,18,1
20230219,19-02-2023,2023,1,2,February,7,19,1
20230220,20-02-2023,2023,1,2,February,8,20,0
20230221,21-02-2023,2023,1,2,February,8,21,0
20230222,22-02-2023,2023,1,2,February,8,22,0
20230223,23-02-2023,2023,1,2,February,8,23,0
20230224,24-02-2023,2023,1,2,February,8,24,0
20230225,25-02-2023,2023,1,2,February,8,25,1
20230226,26-02-2023,2023,1,2,February,8,26,1
20230227,27-02-2023,2023,1,2,February,9,27,0
20230228,28-02-2023,2023,1,2,February,9,28,0
20230301,01-03-2023,2023,1,3,March,9,1,0
20230302,02-03-2023,2023,1,3,March,9,2,0
20230303,03-03-2023,2023,1,3,March,9,3,0
20230304,04-03-2023,2023,1,3,March,9,4,1
20230305,05-03-2023,2023,1,3,March,9,5,1
20230306,06-03-2023,2023,1,3,March,10,6,0
20230307,07-03-2023,2023,1,3,March,10,7,0
20230308,08-03-2023,2023,1,3,March,10,8,0
20230309,09-03-2023,2023,1,3,March,10,9,0
20230310,10-03-2023,2023,1,3,March,10,10,0
20230311,11-03-2023,2023,1,3,March,10,11,1
20230312,12-03-2023,2023,1,3,March,10,12,1
20230313,13-03-2023,2023,1,3,March,11,13,0
20230314,14-03-2023,2023,1,3,March,11,14,0
20230315,15-03-2023,2023,1,3,March,11,15,0
20230316,16-03-2023,2023,1,3,March,11,16,0
20230317,17-03-2023,2023,1,3,March,11,17,0
20230318,18-03-2023,2023,1,3,March,11,18,1
20230319,19-03-2023,2023,1,3,March,11,19,1
20230320,20-03-2023,2023,1,3,March,12,20,0
20230321,21-03-2023,2023,1,3,March,12,21,0
20230322,22-03-2023,2023,1,3,March,12,22,0
20230323,23-03-2023,2023,1,3,March,12,23,0
20230324,24-03-2023,2023,1,3,March,12,24,0
20230325,25-03-2023,2023,1,3,March,12,25,1
20230326,26-03-2023,2023,1,3,March,12,26,1
20230327,27-03-2023,2023,1,3,March,13,27,0
20230328,28-03-2023,2023,1,3,March,13,28,0
20230329,29-03-2023,2023,1,3,March,13,29,0
20230330,30-03-2023,2023,1,3,March,13,30,0
20230331,31-03-2023,2023,1,3,March,13,31,0
20230401,01-04-2023,2023,2,4,April,13,1,1
20230402,02-04-2023,2023,2,4,April,13,2,1
20230403,03-04-2023,2023,2,4,April,14,3,0
20230404,04-04-2023,2023,2,4,April,14,4,0
20230405,05-04-2023,2023,2,4,April,14,5,0
20230406,06-04-2023,2023,2,4,April,14,6,0
20230407,07-04-2023,2023,2,4,April,14,7,0
20230408,08-04-2023,2023,2,4,April,14,8,1
20230409,09-04-2023,2023,2,4,April,14,9,1
20230410,10-04-2023,2023,2,4,April,15,10,0
20230411,11-04-2023,2023,2,4,April,15,11,0
20230412,12-04-2023,2023,2,4,April,15,12,0
20230413,13-04-2023,2023,2,4,April,15,13,0
20230414,14-04-2023,2023,2,4,April,15,14,0
20230415,15-04-2023,2023,2,4,April,15,15,1
20230416,16-04-2023,2023,2,4,April,15,16,1
20230417,17-04-2023,2023,2,4,April,16,17,0
20230418,18-04-2023,2023,2,4,April,16,18,0
20230419,19-04-2023,2023,2,4,April,16,19,0
20230420,20-04-2023,2023,2,4,April,16,20,0
20230421,21-04-2023,2023,2,4,April,16,21,0
20230422,22-04-2023,2023,2,4,April,16,22,1
20230423,23-04-2023,2023,2,4,April,16,23,1
20230424,24-04-2023,2023,2,4,April,17,24,0
20230425,25-04-2023,2023,2,4,April,17,25,0
20230426,26-04-2023,2023,2,4,April,17,26,0
20230427,27-04-2023,2023,2,4,April,17,27,0
20230428,28-04-2023,2023,2,4,April,17,28,0
20230429,29-04-2023,2023,2,4,April,17,29,1
20230430,30-04-2023,2023,2,4,April,17,30,1
20230501,01-05-2023,2023,2,5,May,18,1,0
20230502,02-05-2023,2023,2,5,May,18,2,0
20230503,03-05-2023,2023,2,5,May,18,3,0
20230504,04-05-2023,2023,2,5,May,18,4,0
20230505,05-05-2023,2023,2,5,May,18,5,0
20230506,06-05-2023,2023,2,5,May,18,6,1
20230507,07-05-2023,2023,2,5,May,18,7,1
20230508,08-05-2023,2023,2,5,May,19,8,0
20230509,09-05-2023,2023,2,5,May,19,9,0
20230510,10-05-2023,2023,2,5,May,19,10,0
20230511,11-05-2023,2023,2,5,May,19,11,0
20230512,12-05-2023,2023,2,5,May,19,12,0
20230513,13-05-2023,2023,2,5,May,19,13,1
20230514,14-05-2023,2023,2,5,May,19,14,1
20230515,15-05-2023,2023,2,5,May,20,15,0
20230516,16-05-2023,2023,2,5,May,20,16,0
20230517,17-05-2023,2023,2,5,May,20,17,0
20230518,18-05-2023,2023,2,5,May,20,18,0
20230519,19-05-2023,2023,2,5,May,20,19,0
20230520,20-05-2023,2023,2,5,May,20,20,1
20230521,21-05-2023,2023,2,5,May,20,21,1
20230522,22-05-2023,2023,2,5,May,21,22,0
20230523,23-05-2023,2023,2,5,May,21,23,0
20230524,24-05-2023,2023,2,5,May,21,24,0
20230525,25-05-2023,2023,2,5,May,21,25,0
20230526,26-05-2023,2023,2,5,May,21,26,0
20230527,27-05-2023,2023,2,5,May,21,27,1
20230528,28-05-2023,2023,2,5,May,21,28,1
20230529,29-05-2023,2023,2,5,May,22,29,0
20230530,30-05-2023,2023,2,5,May,22,30,0
20230531,31-05-2023,2023,2,5,May,22,31,0
20230601,01-06-2023,2023,2,6,June,22,1,0
20230602,02-06-2023,2023,2,6,June,22,2,0
20230603,03-06-2023,2023,2,6,June,22,3,1
20230604,04-06-2023,2023,2,6,June,22,4,1
20230605,05-06-2023,2023,2,6,June,23,5,0
20230606,06-06-2023,2023,2,6,June,23,6,0
20230607,07-06-2023,2023,2,6,June,23,7,0
20230608,08-06-2023,2023,2,6,June,23,8,0
20230609,09-06-2023,2023,2,6,June,23,9,0
20230610,10-06-2023,2023,2,6,June,23,10,1
20230611,11-06-2023,2023,2,6,June,23,11,1
20230612,12-06-2023,2023,2,6,June,24,12,0
20230613,13-06-2023,2023,2,6,June,24,13,0
20230614,14-06-2023,2023,2,6,June,24,14,0
20230615,15-06-2023,2023,2,6,June,24,15,0
20230616,16-06-2023,2023,2,6,June,24,16,0
20230617,17-06-2023,2023,2,6,June,24,17,1
20230618,18-06-2023,2023,2,6,June,24,18,1
20230619,19-06-2023,2023,2,6,June,25,19,0
20230620,20-06-2023,2023,2,6,June,25,20,0
20230621,21-06-2023,2023,2,6,June,25,21,0
20230622,22-06-2023,2023,2,6,June,25,22,0
20230623,23-06-2023,2023,2,6,June,25,23,0
20230624,24-06-2023,2023,2,6,June,25,24,1
20230625,25-06-2023,2023,2,6,June,25,25,1
20230626,26-06-2023,2023,2,6,June,26,26,0
20230627,27-06-2023,2023,2,6,June,26,27,0
20230628,28-06-2023,2023,2,6,June,26,28,0
20230629,29-06-2023,2023,2,6,June,26,29,0
20230630,30-06-2023,2023,2,6,June,26,30,0
20230701,01-07-2023,2023,3,7,July,26,1,1
20230702,02-07-2023,2023,3,7,July,26,2,1
20230703,03-07-2023,2023,3,7,July,27,3,0
20230704,04-07-2023,2023,3,7,July,27,4,0
20230705,05-07-2023,2023,3,7,July,27,5,0
20230706,06-07-2023,2023,3,7,July,27,6,0
20230707,07-07-2023,2023,3,7,July,27,7,0
20230708,08-07-2023,2023,3,7,July,27,8,1
20230709,09-07-2023,2023,3,7,July,27,9,1
20230710,10-07-2023,2023,3,7,July,28,10,0
20230711,11-07-2023,2023,3,7,July,28,11,0
20230712,12-07-2023,2023,3,7,July,28,12,0
20230713,13-07-2023,2023,3,7,July,28,13,0
20230714,14-07-2023,2023,3,7,July,28,14,0
20230715,15-07-2023,2023,3,7,July,28,15,1
20230716,16-07-2023,2023,3,7,July,28,16,1
20230717,17-07-2023,2023,3,7,July,29,17,0
20230718,18-07-2023,2023,3,7,July,29,18,0
20230719,19-07-2023,2023,3,7,July,29,19,0
20230720,20-07-2023,2023,3,7,July,29,20,0
20230721,21-07-2023,2023,3,7,July,29,21,0
20230722,22-07-2023,2023,3,7,July,29,22,1
20230723,23-07-2023,2023,3,7,July,29,23,1
20230724,24-07-2023,2023,3,7,July,30,24,0
20230725,25-07-2023,2023,3,7,July,30,25,0
20230726,26-07-2023,2023,3,7,July,30,26,0
20230727,27-07-2023,2023,3,7,July,30,27,0
20230728,28-07-2023,2023,3,7,July,30,28,0
20230729,29-07-2023,2023,3,7,July,30,29,1
20230730,30-07-2023,2023,3,7,July,30,30,1
20230731,31-07-2023,2023,3,7,July,31,31,0
20230801,01-08-2023,2023,3,8,August,31,1,0
20230802,02-08-2023,2023,3,8,August,31,2,0
20230803,03-08-2023,2023,3,8,August,31,3,0
20230804,04-08-2023,2023,3,8,August,31,4,0
20230805,05-08-2023,2023,3,8,August,31,5,1
20230806,06-08-2023,2023,3,8,August,31,6,1
20230807,07-08-2023,2023,3,8,August,32,7,0
20230808,08-08-2023,2023,3,8,August,32,8,0
20230809,09-08-2023,2023,3,8,August,32,9,0
20230810,10-08-2023,2023,3,8,August,32,10,0
20230811,11-08-2023,2023,3,8,August,32,11,0
20230812,12-08-2023,2023,3,8,August,32,12,1
20230813,13-08-2023,2023,3,8,August,32,13,1
20230814,14-08-2023,2023,3,8,August,33,14,0
20230815,15-08-2023,2023,3,8,August,33,15,0
20230816,16-08-2023,2023,3,8,August,33,16,0
20230817,17-08-2023,2023,3,8,August,33,17,0
20230818,18-08-2023,2023,3,8,August,33,18,0
20230819,19-08-2023,2023,3,8,August,33,19,1
20230820,20-08-2023,2023,3,8,August,33,20,1
20230821,21-08-2023,2023,3,8,August,34,21,0
20230822,22-08-2023,2023,3,8,August,34,22,0
20230823,23-08-2023,2023,3,8,August,34,23,0
20230824,24-08-2023,2023,3,8,August,34,24,0
20230825,25-08-2023,2023,3,8,August,34,25,0
20230826,26-08-2023,2023,3,8,August,34,26,1
20230827,27-08-2023,2023,3,8,August,34,27,1
20230828,28-08-2023,2023,3,8,August,35,28,0
20230829,29-08-2023,2023,3,8,August,35,29,0
20230830,30-08-2023,2023,3,8,August,35,30,0
20230831,31-08-2023,2023,3,8,August,35,31,0
20230901,01-09-2023,2023,3,9,September,35,1,0
20230902,02-09-2023,2023,3,9,September,35,2,1
20230903,03-09-2023,2023,3,9,September,35,3,1
20230904,04-09-2023,2023,3,9,September,36,4,0
20230905,05-09-2023,2023,3,9,September,36,5,0
20230906,06-09-2023,2023,3,9,September,36,6,0
20230907,07-09-2023,2023,3,9,September,36,7,0
20230908,08-09-2023,2023,3,9,September,36,8,0
20230909,09-09-2023,2023,3,9,September,36,9,1
20230910,10-09-2023,2023,3,9,September,36,10,1
20230911,11-09-2023,2023,3,9,September,37,11,0
20230912,12-09-2023,2023,3,9,September,37,12,0
20230913,13-09-2023,2023,3,9,September,37,13,0
20230914,14-09-2023,2023,3,9,September,37,14,0
20230915,15-09-2023,2023,3,9,September,37,15,0
20230916,16-09-2023,2023,3,9,September,37,16,1
20230917,17-09-2023,2023,3,9,September,37,17,1
20230918,18-09-2023,2023,3,9,September,38,18,0
20230919,19-09-2023,2023,3,9,September,38,19,0
20230920,20-09-2023,2023,3,9,September,38,20,0
20230921,21-09-2023,2023,3,9,September,38,21,0
20230922,22-09-2023,2023,3,9,September,38,22,0
20230923,23-09-2023,2023,3,9,September,38,23,1
20230924,24-09-2023,2023,3,9,September,38,24,1
20230925,25-09-2023,2023,3,9,September,39,25,0
20230926,26-09-2023,2023,3,9,September,39,26,0
20230927,27-09-2023,2023,3,9,September,39,27,0
20230928,28-09-2023,2023,3,9,September,39,28,0
20230929,29-09-2023,2023,3,9,September,39,29,0
20230930,30-09-2023,2023,3,9,September,39,30,1
20231001,01-10-2023,2023,4,10,October,39,1,1
20231002,02-10-2023,2023,4,10,October,40,2,0
20231003,03-10-2023,2023,4,10,October,40,3,0
20231004,04-10-2023,2023,4,10,October,40,4,0
20231005,05-10-2023,2023,4,10,October,40,5,0
20231006,06-10-2023,2023,4,10,October,40,6,0
20231007,07-10-2023,2023,4,10,October,40,7,1
20231008,08-10-2023,2023,4,10,October,40,8,1
20231009,09-10-2023,2023,4,10,October,41,9,0
20231010,10-10-2023,2023,4,10,October,41,10,0
20231011,11-10-2023,2023,4,10,October,41,11,0
20231012,12-10-2023,2023,4,10,October,41,12,0
20231013,13-10-2023,2023,4,10,October,41,13,0
20231014,14-10-2023,2023,4,10,October,41,14,1
20231015,15-10-2023,2023,4,10,October,41,15,1
20231016,16-10-2023,2023,4,10,October,42,16,0
20231017,17-10-2023,2023,4,10,October,42,17,0
20231018,18-10-2023,2023,4,10,October,42,18,0
20231019,19-10-2023,2023,4,10,October,42,19,0
20231020,20-10-2023,2023,4,10,October,42,20,0
20231021,21-10-2023,2023,4,10,October,42,21,1
20231022,22-10-2023,2023,4,10,October,42,22,1
20231023,23-10-2023,2023,4,10,October,43,23,0
20231024,24-10-2023,2023,4,10,October,43,24,0
20231025,25-10-2023,2023,4,10,October,43,25,0
20231026,26-10-2023,2023,4,10,October,43,26,0
20231027,27-10-2023,2023,4,10,October,43,27,0
20231028,28-10-2023,2023,4,10,October,43,28,1
20231029,29-10-2023,2023,4,10,October,43,29,1
20231030,30-10-2023,2023,4,10,October,44,30,0
20231031,31-10-2023,2023,4,10,October,44,31,0
20231101,01-11-2023,2023,4,11,November,44,1,0
20231102,02-11-2023,2023,4,11,November,44,2,0
20231103,03-11-2023,2023,4,11,November,44,3,0
20231104,04-11-2023,2023,4,11,November,44,4,1
20231105,05-11-2023,2023,4,11,November,44,5,1
20231106,06-11-2023,2023,4,11,November,45,6,0
20231107,07-11-2023,2023,4,11,November,45,7,0
20231108,08-11-2023,2023,4,11,November,45,8,0
20231109,09-11-2023,2023,4,11,November,45,9,0
20231110,10-11-2023,2023,4,11,November,45,10,0
20231111,11-11-2023,2023,4,11,November,45,11,1
20231112,12-11-2023,2023,4,11,November,45,12,1
20231113,13-11-2023,2023,4,11,November,46,13,0
20231114,14-11-2023,2023,4,11,November,46,14,0
20231115,15-11-2023,2023,4,11,November,46,15,0
20231116,16-11-2023,2023,4,11,November,46,16,0
20231117,17-11-2023,2023,4,11,November,46,17,0
20231118,18-11-2023,2023,4,11,November,46,18,1
20231119,19-11-2023,2023,4,11,November,46,19,1
20231120,20-11-2023,2023,4,11,November,47,20,0
20231121,21-11-2023,2023,4,11,November,47,21,0
20231122,22-11-2023,2023,4,11,November,47,22,0
20231123,23-11-2023,2023,4,11,November,47,23,0
20231124,24-11-2023,2023,4,11,November,47,24,0
20231125,25-11-2023,2023,4,11,November,47,25,1
20231126,26-11-2023,2023,4,11,November,47,26,1
20231127,27-11-2023,2023,4,11,November,48,27,0
20231128,28-11-2023,2023,4,11,November,48,28,0
20231129,29-11-2023,2023,4,11,November,48,29,0
20231130,30-11-2023,2023,4,11,November,48,30,0
20231201,01-12-2023,2023,4,12,December,48,1,0
20231202,02-12-2023,2023,4,12,December,48,2,1
20231203,03-12-2023,2023,4,12,December,48,3,1
20231204,04-12-2023,2023,4,12,December,49,4,0
20231205,05-12-2023,2023,4,12,December,49,5,0
20231206,06-12-2023,2023,4,12,December,49,6,0
20231207,07-12-2023,2023,4,12,December,49,7,0
20231208,08-12-2023,2023,4,12,December,49,8,0
20231209,09-12-2023,2023,4,12,December,49,9,1
20231210,10-12-2023,2023,4,12,December,49,10,1
20231211,11-12-2023,2023,4,12,December,50,11,0
20231212,12-12-2023,2023,4,12,December,50,12,0
20231213,13-12-2023,2023,4,12,December,50,13,0
20231214,14-12-2023,2023,4,12,December,50,14,0
20231215,15-12-2023,2023,4,12,December,50,15,0
20231216,16-12-2023,2023,4,12,December,50,16,1
20231217,17-12-2023,2023,4,12,December,50,17,1
20231218,18-12-2023,2023,4,12,December,51,18,0
20231219,19-12-2023,2023,4,12,December,51,19,0
20231220,20-12-2023,2023,4,12,December,51,20,0
20231221,21-12-2023,2023,4,12,December,51,21,0
20231222,22-12-2023,2023,4,12,December,51,22,0
20231223,23-12-2023,2023,4,12,December,51,23,1
20231224,24-12-2023,2023,4,12,December,51,24,1
20231225,25-12-2023,2023,4,12,December,52,25,0
20231226,26-12-2023,2023,4,12,December,52,26,0
20231227,27-12-2023,2023,4,12,December,52,27,0
20231228,28-12-2023,2023,4,12,December,52,28,0
20231229,29-12-2023,2023,4,12,December,52,29,0
20231230,30-12-2023,2023,4,12,December,52,30,1
20231231,31-12-2023,2023,4,12,December,52,31,1
20240101,01-01-2024,2024,1,1,January,1,1,0
20240102,02-01-2024,2024,1,1,January,1,2,0
20240103,03-01-2024,2024,1,1,January,1,3,0
20240104,04-01-2024,2024,1,1,January,1,4,0
20240105,05-01-2024,2024,1,1,January,1,5,0
20240106,06-01-2024,2024,1,1,January,1,6,1
20240107,07-01-2024,2024,1,1,January,1,7,1
20240108,08-01-2024,2024,1,1,January,2,8,0
20240109,09-01-2024,2024,1,1,January,2,9,0
20240110,10-01-2024,2024,1,1,January,2,10,0
20240111,11-01-2024,2024,1,1,January,2,11,0
20240112,12-01-2024,2024,1,1,January,2,12,0
20240113,13-01-2024,2024,1,1,January,2,13,1
20240114,14-01-2024,2024,1,1,January,2,14,1
20240115,15-01-2024,2024,1,1,January,3,15,0
20240116,16-01-2024,2024,1,1,January,3,16,0
20240117,17-01-2024,2024,1,1,January,3,17,0
20240118,18-01-2024,2024,1,1,January,3,18,0
20240119,19-01-2024,2024,1,1,January,3,19,0
20240120,20-01-2024,2024,1,1,January,3,20,1
20240121,21-01-2024,2024,1,1,January,3,21,1
20240122,22-01-2024,2024,1,1,January,4,22,0
20240123,23-01-2024,2024,1,1,January,4,23,0
20240124,24-01-2024,2024,1,1,January,4,24,0
20240125,25-01-2024,2024,1,1,January,4,25,0
20240126,26-01-2024,2024,1,1,January,4,26,0
20240127,27-01-2024,2024,1,1,January,4,27,1
20240128,28-01-2024,2024,1,1,January,4,28,1
20240129,29-01-2024,2024,1,1,January,5,29,0
20240130,30-01-2024,2024,1,1,January,5,30,0
20240131,31-01-2024,2024,1,1,January,5,31,0
20240201,01-02-2024,2024,1,2,February,5,1,0
20240202,02-02-2024,2024,1,2,February,5,2,0
20240203,03-02-2024,2024,1,2,February,5,3,1
20240204,04-02-2024,2024,1,2,February,5,4,1
20240205,05-02-2024,2024,1,2,February,6,5,0
20240206,06-02-2024,2024,1,2,February,6,6,0
20240207,07-02-2024,2024,1,2,February,6,7,0
20240208,08-02-2024,2024,1,2,February,6,8,0
20240209,09-02-2024,2024,1,2,February,6,9,0
20240210,10-02-2024,2024,1,2,February,6,10,1
20240211,11-02-2024,2024,1,2,February,6,11,1
20240212,12-02-2024,2024,1,2,February,7,12,0
20240213,13-02-2024,2024,1,2,February,7,13,0
20240214,14-02-2024,2024,1,2,February,7,14,0
20240215,15-02-2024,2024,1,2,February,7,15,0
20240216,16-02-2024,2024,1,2,February,7,16,0
20240217,17-02-2024,2024,1,2,February,7,17,1
20240218,18-02-2024,2024,1,2,February,7,18,1
20240219,19-02-2024,2024,1,2,February,8,19,0
20240220,20-02-2024,2024,1,2,February,8,20,0
20240221,21-02-2024,2024,1,2,February,8,21,0
20240222,22-02-2024,2024,1,2,February,8,22,0
20240223,23-02-2024,2024,1,2,February,8,23,0
20240224,24-02-2024,2024,1,2,February,8,24,1
20240225,25-02-2024,2024,1,2,February,8,25,1
20240226,26-02-2024,2024,1,2,February,9,26,0
20240227,27-02-2024,2024,1,2,February,9,27,0
20240228,28-02-2024,2024,1,2,February,9,28,0
20240229,29-02-2024,2024,1,2,February,9,29,0
20240301,01-03-2024,2024,1,3,March,9,1,0
20240302,02-03-2024,2024,1,3,March,9,2,1
20240303,03-03-2024,2024,1,3,March,9,3,1
20240304,04-03-2024,2024,1,3,March,10,4,0
20240305,05-03-2024,2024,1,3,March,10,5,0
20240306,06-03-2024,2024,1,3,March,10,6,0
20240307,07-03-2024,2024,1,3,March,10,7,0
20240308,08-03-2024,2024,1,3,March,10,8,0
20240309,09-03-2024,2024,1,3,March,10,9,1
20240310,10-03-2024,2024,1,3,March,10,10,1
20240311,11-03-2024,2024,1,3,March,11,11,0
20240312,12-03-2024,2024,1,3,March,11,12,0
20240313,13-03-2024,2024,1,3,March,11,13,0
20240314,14-03-2024,2024,1,3,March,11,14,0
20240315,15-03-2024,2024,1,3,March,11,15,0
20240316,16-03-2024,2024,1,3,March,11,16,1
20240317,17-03-2024,2024,1,3,March,11,17,1
20240318,18-03-2024,2024,1,3,March,12,18,0
20240319,19-03-2024,2024,1,3,March,12,19,0
20240320,20-03-2024,2024,1,3,March,12,20,0
20240321,21-03-2024,2024,1,3,March,12,21,0
20240322,22-03-2024,2024,1,3,March,12,22,0
20240323,23-03-2024,2024,1,3,March,12,23,1
20240324,24-03-2024,2024,1,3,March,12,24,1
20240325,25-03-2024,2024,1,3,March,13,25,0
20240326,26-03-2024,2024,1,3,March,13,26,0
20240327,27-03-2024,2024,1,3,March,13,27,0
20240328,28-03-2024,2024,1,3,March,13,28,0
20240329,29-03-2024,2024,1,3,March,13,29,0
20240330,30-03-2024,2024,1,3,March,13,30,1
20240331,31-03-2024,2024,1,3,March,13,31,1
20240401,01-04-2024,2024,2,4,April,14,1,0
20240402,02-04-2024,2024,2,4,April,14,2,0
20240403,03-04-2024,2024,2,4,April,14,3,0
20240404,04-04-2024,2024,2,4,April,14,4,0
20240405,05-04-2024,2024,2,4,April,14,5,0
20240406,06-04-2024,2024,2,4,April,14,6,1
20240407,07-04-2024,2024,2,4,April,14,7,1
20240408,08-04-2024,2024,2,4,April,15,8,0
20240409,09-04-2024,2024,2,4,April,15,9,0
20240410,10-04-2024,2024,2,4,April,15,10,0
20240411,11-04-2024,2024,2,4,April,15,11,0
20240412,12-04-2024,2024,2,4,April,15,12,0
20240413,13-04-2024,2024,2,4,April,15,13,1
20240414,14-04-2024,2024,2,4,April,15,14,1
20240415,15-04-2024,2024,2,4,April,16,15,0
20240416,16-04-2024,2024,2,4,April,16,16,0
20240417,17-04-2024,2024,2,4,April,16,17,0
20240418,18-04-2024,2024,2,4,April,16,18,0
20240419,19-04-2024,2024,2,4,April,16,19,0
20240420,20-04-2024,2024,2,4,April,16,20,1
20240421,21-04-2024,2024,2,4,April,16,21,1
20240422,22-04-2024,2024,2,4,April,17,22,0
20240423,23-04-2024,2024,2,4,April,17,23,0
20240424,24-04-2024,2024,2,4,April,17,24,0
20240425,25-04-2024,2024,2,4,April,17,25,0
20240426,26-04-2024,2024,2,4,April,17,26,0
20240427,27-04-2024,2024,2,4,April,17,27,1
20240428,28-04-2024,2024,2,4,April,17,28,1
20240429,29-04-2024,2024,2,4,April,18,29,0
20240430,30-04-2024,2024,2,4,April,18,30,0
20240501,01-05-2024,2024,2,5,May,18,1,0
20240502,02-05-2024,2024,2,5,May,18,2,0
20240503,03-05-2024,2024,2,5,May,18,3,0
20240504,04-05-2024,2024,2,5,May,18,4,1
20240505,05-05-2024,2024,2,5,May,18,5,1
20240506,06-05-2024,2024,2,5,May,19,6,0
20240507,07-05-2024,2024,2,5,May,19,7,0
20240508,08-05-2024,2024,2,5,May,19,8,0
20240509,09-05-2024,2024,2,5,May,19,9,0
20240510,10-05-2024,2024,2,5,May,19,10,0
20240511,11-05-2024,2024,2,5,May,19,11,1
20240512,12-05-2024,2024,2,5,May,19,12,1
20240513,13-05-2024,2024,2,5,May,20,13,0
20240514,14-05-2024,2024,2,5,May,20,14,0
20240515,15-05-2024,2024,2,5,May,20,15,0
20240516,16-05-2024,2024,2,5,May,20,16,0
20240517,17-05-2024,2024,2,5,May,20,17,0
20240518,18-05-2024,2024,2,5,May,20,18,1
20240519,19-05-2024,2024,2,5,May,20,19,1
20240520,20-05-2024,2024,2,5,May,21,20,0
20240521,21-05-2024,2024,2,5,May,21,21,0
20240522,22-05-2024,2024,2,5,May,21,22,0
20240523,23-05-2024,2024,2,5,May,21,23,0
20240524,24-05-2024,2024,2,5,May,21,24,0
20240525,25-05-2024,2024,2,5,May,21,25,1
20240526,26-05-2024,2024,2,5,May,21,26,1
20240527,27-05-2024,2024,2,5,May,22,27,0
20240528,28-05-2024,2024,2,5,May,22,28,0
20240529,29-05-2024,2024,2,5,May,22,29,0
20240530,30-05-2024,2024,2,5,May,22,30,0
20240531,31-05-2024,2024,2,5,May,22,31,0
20240601,01-06-2024,2024,2,6,June,22,1,1
20240602,02-06-2024,2024,2,6,June,22,2,1
20240603,03-06-2024,2024,2,6,June,23,3,0
20240604,04-06-2024,2024,2,6,June,23,4,0
20240605,05-06-2024,2024,2,6,June,23,5,0
20240606,06-06-2024,2024,2,6,June,23,6,0
20240607,07-06-2024,2024,2,6,June,23,7,0
20240608,08-06-2024,2024,2,6,June,23,8,1
20240609,09-06-2024,2024,2,6,June,23,9,1
20240610,10-06-2024,2024,2,6,June,24,10,0
20240611,11-06-2024,2024,2,6,June,24,11,0
20240612,12-06-2024,2024,2,6,June,24,12,0
20240613,13-06-2024,2024,2,6,June,24,13,0
20240614,14-06-2024,2024,2,6,June,24,14,0
20240615,15-06-2024,2024,2,6,June,24,15,1
20240616,16-06-2024,2024,2,6,June,24,16,1
20240617,17-06-2024,2024,2,6,June,25,17,0
20240618,18-06-2024,2024,2,6,June,25,18,0
20240619,19-06-2024,2024,2,6,June,25,19,0
20240620,20-06-2024,2024,2,6,June,25,20,0
20240621,21-06-2024,2024,2,6,June,25,21,0
20240622,22-06-2024,2024,2,6,June,25,22,1
20240623,23-06-2024,2024,2,6,June,25,23,1
20240624,24-06-2024,2024,2,6,June,26,24,0
20240625,25-06-2024,2024,2,6,June,26,25,0
20240626,26-06-2024,2024,2,6,June,26,26,0
20240627,27-06-2024,2024,2,6,June,26,27,0
20240628,28-06-2024,2024,2,6,June,26,28,0
20240629,29-06-2024,2024,2,6,June,26,29,1
20240630,30-06-2024,2024,2,6,June,26,30,1
20240701,01-07-2024,2024,3,7,July,27,1,0
20240702,02-07-2024,2024,3,7,July,27,2,0
20240703,03-07-2024,2024,3,7,July,27,3,0
20240704,04-07-2024,2024,3,7,July,27,4,0
20240705,05-07-2024,2024,3,7,July,27,5,0
20240706,06-07-2024,2024,3,7,July,27,6,1
20240707,07-07-2024,2024,3,7,July,27,7,1
20240708,08-07-2024,2024,3,7,July,28,8,0
20240709,09-07-2024,2024,3,7,July,28,9,0
20240710,10-07-2024,2024,3,7,July,28,10,0
20240711,11-07-2024,2024,3,7,July,28,11,0
20240712,12-07-2024,2024,3,7,July,28,12,0
20240713,13-07-2024,2024,3,7,July,28,13,1
20240714,14-07-2024,2024,3,7,July,28,14,1
20240715,15-07-2024,2024,3,7,July,29,15,0
20240716,16-07-2024,2024,3,7,July,29,16,0
20240717,17-07-2024,2024,3,7,July,29,17,0
20240718,18-07-2024,2024,3,7,July,29,18,0
20240719,19-07-2024,2024,3,7,July,29,19,0
20240720,20-07-2024,2024,3,7,July,29,20,1
20240721,21-07-2024,2024,3,7,July,29,21,1
20240722,22-07-2024,2024,3,7,July,30,22,0
20240723,23-07-2024,2024,3,7,July,30,23,0
20240724,24-07-2024,2024,3,7,July,30,24,0
20240725,25-07-2024,2024,3,7,July,30,25,0
20240726,26-07-2024,2024,3,7,July,30,26,0
20240727,27-07-2024,2024,3,7,July,30,27,1
20240728,28-07-2024,2024,3,7,July,30,28,1
20240729,29-07-2024,2024,3,7,July,31,29,0
20240730,30-07-2024,2024,3,7,July,31,30,0
20240731,31-07-2024,2024,3,7,July,31,31,0
20240801,01-08-2024,2024,3,8,August,31,1,0
20240802,02-08-2024,2024,3,8,August,31,2,0
20240803,03-08-2024,2024,3,8,August,31,3,1
20240804,04-08-2024,2024,3,8,August,31,4,1
20240805,05-08-2024,2024,3,8,August,32,5,0
20240806,06-08-2024,2024,3,8,August,32,6,0
20240807,07-08-2024,2024,3,8,August,32,7,0
20240808,08-08-2024,2024,3,8,August,32,8,0
20240809,09-08-2024,2024,3,8,August,32,9,0
20240810,10-08-2024,2024,3,8,August,32,10,1
20240811,11-08-2024,2024,3,8,August,32,11,1
20240812,12-08-2024,2024,3,8,August,33,12,0
20240813,13-08-2024,2024,3,8,August,33,13,0
20240814,14-08-2024,2024,3,8,August,33,14,0
20240815,15-08-2024,2024,3,8,August,33,15,0
20240816,16-08-2024,2024,3,8,August,33,16,0
20240817,17-08-2024,2024,3,8,August,33,17,1
20240818,18-08-2024,2024,3,8,August,33,18,1
20240819,19-08-2024,2024,3,8,August,34,19,0
20240820,20-08-2024,2024,3,8,August,34,20,0
20240821,21-08-2024,2024,3,8,August,34,21,0
20240822,22-08-2024,2024,3,8,August,34,22,0
20240823,23-08-2024,2024,3,8,August,34,23,0
20240824,24-08-2024,2024,3,8,August,34,24,1
20240825,25-08-2024,2024,3,8,August,34,25,1
20240826,26-08-2024,2024,3,8,August,35,26,0
20240827,27-08-2024,2024,3,8,August,35,27,0
20240828,28-08-2024,2024,3,8,August,35,28,0
20240829,29-08-2024,2024,3,8,August,35,29,0
20240830,30-08-2024,2024,3,8,August,35,30,0
20240831,31-08-2024,2024,3,8,August,35,31,1
20240901,01-09-2024,2024,3,9,September,35,1,1
20240902,02-09-2024,2024,3,9,September,36,2,0
20240903,03-09-2024,2024,3,9,September,36,3,0
20240904,04-09-2024,2024,3,9,September,36,4,0
20240905,05-09-2024,2024,3,9,September,36,5,0
20240906,06-09-2024,2024,3,9,September,36,6,0
20240907,07-09-2024,2024,3,9,September,36,7,1
20240908,08-09-2024,2024,3,9,September,36,8,1
20240909,09-09-2024,2024,3,9,September,37,9,0
20240910,10-09-2024,2024,3,9,September,37,10,0
20240911,11-09-2024,2024,3,9,September,37,11,0
20240912,12-09-2024,2024,3,9,September,37,12,0
20240913,13-09-2024,2024,3,9,September,37,13,0
20240914,14-09-2024,2024,3,9,September,37,14,1
20240915,15-09-2024,2024,3,9,September,37,15,1
20240916,16-09-2024,2024,3,9,September,38,16,0
20240917,17-09-2024,2024,3,9,September,38,17,0
20240918,18-09-2024,2024,3,9,September,38,18,0
20240919,19-09-2024,2024,3,9,September,38,19,0
20240920,20-09-2024,2024,3,9,September,38,20,0
20240921,21-09-2024,2024,3,9,September,38,21,1
20240922,22-09-2024,2024,3,9,September,38,22,1
20240923,23-09-2024,2024,3,9,September,39,23,0
20240924,24-09-2024,2024,3,9,September,39,24,0
20240925,25-09-2024,2024,3,9,September,39,25,0
20240926,26-09-2024,2024,3,9,September,39,26,0
20240927,27-09-2024,2024,3,9,September,39,27,0
20240928,28-09-2024,2024,3,9,September,39,28,1
20240929,29-09-2024,2024,3,9,September,39,29,1
20240930,30-09-2024,2024,3,9,September,40,30,0
20241001,01-10-2024,2024,4,10,October,40,1,0
20241002,02-10-2024,2024,4,10,October,40,2,0
20241003,03-10-2024,2024,4,10,October,40,3,0
20241004,04-10-2024,2024,4,10,October,40,4,0
20241005,05-10-2024,2024,4,10,October,40,5,1
20241006,06-10-2024,2024,4,10,October,40,6,1
20241007,07-10-2024,2024,4,10,October,41,7,0
20241008,08-10-2024,2024,4,10,October,41,8,0
20241009,09-10-2024,2024,4,10,October,41,9,0
20241010,10-10-2024,2024,4,10,October,41,10,0
20241011,11-10-2024,2024,4,10,October,41,11,0
20241012,12-10-2024,2024,4,10,October,41,12,1
20241013,13-10-2024,2024,4,10,October,41,13,1
20241014,14-10-2024,2024,4,10,October,42,14,0
20241015,15-10-2024,2024,4,10,October,42,15,0
20241016,16-10-2024,2024,4,10,October,42,16,0
20241017,17-10-2024,2024,4,10,October,42,17,0
20241018,18-10-2024,2024,4,10,October,42,18,0
20241019,19-10-2024,2024,4,10,October,42,19,1
20241020,20-10-2024,2024,4,10,October,42,20,1
20241021,21-10-2024,2024,4,10,October,43,21,0
20241022,22-10-2024,2024,4,10,October,43,22,0
20241023,23-10-2024,2024,4,10,October,43,23,0
20241024,24-10-2024,2024,4,10,October,43,24,0
20241025,25-10-2024,2024,4,10,October,43,25,0
20241026,26-10-2024,2024,4,10,October,43,26,1
20241027,27-10-2024,2024,4,10,October,43,27,1
20241028,28-10-2024,2024,4,10,October,44,28,0
20241029,29-10-2024,2024,4,10,October,44,29,0
20241030,30-10-2024,2024,4,10,October,44,30,0
20241031,31-10-2024,2024,4,10,October,44,31,0
20241101,01-11-2024,2024,4,11,November,44,1,0
20241102,02-11-2024,2024,4,11,November,44,2,1
20241103,03-11-2024,2024,4,11,November,44,3,1
20241104,04-11-2024,2024,4,11,November,45,4,0
20241105,05-11-2024,2024,4,11,November,45,5,0
20241106,06-11-2024,2024,4,11,November,45,6,0
20241107,07-11-2024,2024,4,11,November,45,7,0
20241108,08-11-2024,2024,4,11,November,45,8,0
20241109,09-11-2024,2024,4,11,November,45,9,1
20241110,10-11-2024,2024,4,11,November,45,10,1
20241111,11-11-2024,2024,4,11,November,46,11,0
20241112,12-11-2024,2024,4,11,November,46,12,0
20241113,13-11-2024,2024,4,11,November,46,13,0
20241114,14-11-2024,2024,4,11,November,46,14,0
20241115,15-11-2024,2024,4,11,November,46,15,0
20241116,16-11-2024,2024,4,11,November,46,16,1
20241117,17-11-2024,2024,4,11,November,46,17,1
20241118,18-11-2024,2024,4,11,November,47,18,0
20241119,19-11-2024,2024,4,11,November,47,19,0
20241120,20-11-2024,2024,4,11,November,47,20,0
20241121,21-11-2024,2024,4,11,November,47,21,0
20241122,22-11-2024,2024,4,11,November,47,22,0
20241123,23-11-2024,2024,4,11,November,47,23,1
20241124,24-11-2024,2024,4,11,November,47,24,1
20241125,25-11-2024,2024,4,11,November,48,25,0
20241126,26-11-2024,2024,4,11,November,48,26,0
20241127,27-11-2024,2024,4,11,November,48,27,0
20241128,28-11-2024,2024,4,11,November,48,28,0
20241129,29-11-2024,2024,4,11,November,48,29,0
20241130,30-11-2024,2024,4,11,November,48,30,1
20241201,01-12-2024,2024,4,12,December,48,1,1
20241202,02-12-2024,2024,4,12,December,49,2,0
20241203,03-12-2024,2024,4,12,December,49,3,0
20241204,04-12-2024,2024,4,12,December,49,4,0
20241205,05-12-2024,2024,4,12,December,49,5,0
20241206,06-12-2024,2024,4,12,December,49,6,0
20241207,07-12-2024,2024,4,12,December,49,7,1
20241208,08-12-2024,2024,4,12,December,49,8,1
20241209,09-12-2024,2024,4,12,December,50,9,0
20241210,10-12-2024,2024,4,12,December,50,10,0
20241211,11-12-2024,2024,4,12,December,50,11,0
20241212,12-12-2024,2024,4,12,December,50,12,0
20241213,13-12-2024,2024,4,12,December,50,13,0
20241214,14-12-2024,2024,4,12,December,50,14,1
20241215,15-12-2024,2024,4,12,December,50,15,1
20241216,16-12-2024,2024,4,12,December,51,16,0
20241217,17-12-2024,2024,4,12,December,51,17,0
20241218,18-12-2024,2024,4,12,December,51,18,0
20241219,19-12-2024,2024,4,12,December,51,19,0
20241220,20-12-2024,2024,4,12,December,51,20,0
20241221,21-12-2024,2024,4,12,December,51,21,1
20241222,22-12-2024,2024,4,12,December,51,22,1
20241223,23-12-2024,2024,4,12,December,52,23,0
20241224,24-12-2024,2024,4,12,December,52,24,0
20241225,25-12-2024,2024,4,12,December,52,25,0
20241226,26-12-2024,2024,4,12,December,52,26,0
20241227,27-12-2024,2024,4,12,December,52,27,0
20241228,28-12-2024,2024,4,12,December,52,28,1
20241229,29-12-2024,2024,4,12,December,52,29,1
20241230,30-12-2024,2024,4,12,December,1,30,0
20241231,31-12-2024,2024,4,12,December,1,31,0
20250101,01-01-2025,2025,1,1,January,1,1,0
20250102,02-01-2025,2025,1,1,January,1,2,0
20250103,03-01-2025,2025,1,1,January,1,3,0
20250104,04-01-2025,2025,1,1,January,1,4,1
20250105,05-01-2025,2025,1,1,January,1,5,1
20250106,06-01-2025,2025,1,1,January,2,6,0
20250107,07-01-2025,2025,1,1,January,2,7,0
20250108,08-01-2025,2025,1,1,January,2,8,0
20250109,09-01-2025,2025,1,1,January,2,9,0
20250110,10-01-2025,2025,1,1,January,2,10,0
20250111,11-01-2025,2025,1,1,January,2,11,1
20250112,12-01-2025,2025,1,1,January,2,12,1
20250113,13-01-2025,2025,1,1,January,3,13,0
20250114,14-01-2025,2025,1,1,January,3,14,0
20250115,15-01-2025,2025,1,1,January,3,15,0
20250116,16-01-2025,2025,1,1,January,3,16,0
20250117,17-01-2025,2025,1,1,January,3,17,0
20250118,18-01-2025,2025,1,1,January,3,18,1
20250119,19-01-2025,2025,1,1,January,3,19,1
20250120,20-01-2025,2025,1,1,January,4,20,0
20250121,21-01-2025,2025,1,1,January,4,21,0
20250122,22-01-2025,2025,1,1,January,4,22,0
20250123,23-01-2025,2025,1,1,January,4,23,0
20250124,24-01-2025,2025,1,1,January,4,24,0
20250125,25-01-2025,2025,1,1,January,4,25,1
20250126,26-01-2025,2025,1,1,January,4,26,1
20250127,27-01-2025,2025,1,1,January,5,27,0
20250128,28-01-2025,2025,1,1,January,5,28,0
20250129,29-01-2025,2025,1,1,January,5,29,0
20250130,30-01-2025,2025,1,1,January,5,30,0
20250131,31-01-2025,2025,1,1,January,5,31,0
20250201,01-02-2025,2025,1,2,February,5,1,1
20250202,02-02-2025,2025,1,2,February,5,2,1
20250203,03-02-2025,2025,1,2,February,6,3,0
20250204,04-02-2025,2025,1,2,February,6,4,0
20250205,05-02-2025,2025,1,2,February,6,5,0
20250206,06-02-2025,2025,1,2,February,6,6,0
20250207,07-02-2025,2025,1,2,February,6,7,0
20250208,08-02-2025,2025,1,2,February,6,8,1
20250209,09-02-2025,2025,1,2,February,6,9,1
20250210,10-02-2025,2025,1,2,February,7,10,0
20250211,11-02-2025,2025,1,2,February,7,11,0
20250212,12-02-2025,2025,1,2,February,7,12,0
20250213,13-02-2025,2025,1,2,February,7,13,0
20250214,14-02-2025,2025,1,2,February,7,14,0
20250215,15-02-2025,2025,1,2,February,7,15,1
20250216,16-02-2025,2025,1,2,February,7,16,1
20250217,17-02-2025,2025,1,2,February,8,17,0
20250218,18-02-2025,2025,1,2,February,8,18,0
20250219,19-02-2025,2025,1,2,February,8,19,0
20250220,20-02-2025,2025,1,2,February,8,20,0
20250221,21-02-2025,2025,1,2,February,8,21,0
20250222,22-02-2025,2025,1,2,February,8,22,1
20250223,23-02-2025,2025,1,2,February,8,23,1
20250224,24-02-2025,2025,1,2,February,9,24,0
20250225,25-02-2025,2025,1,2,February,9,25,0
20250226,26-02-2025,2025,1,2,February,9,26,0
20250227,27-02-2025,2025,1,2,February,9,27,0
20250228,28-02-2025,2025,1,2,February,9,28,0
20250301,01-03-2025,2025,1,3,March,9,1,1
20250302,02-03-2025,2025,1,3,March,9,2,1
20250303,03-03-2025,2025,1,3,March,10,3,0
20250304,04-03-2025,2025,1,3,March,10,4,0
20250305,05-03-2025,2025,1,3,March,10,5,0
20250306,06-03-2025,2025,1,3,March,10,6,0
20250307,07-03-2025,2025,1,3,March,10,7,0
20250308,08-03-2025,2025,1,3,March,10,8,1
20250309,09-03-2025,2025,1,3,March,10,9,1
20250310,10-03-2025,2025,1,3,March,11,10,0
20250311,11-03-2025,2025,1,3,March,11,11,0
20250312,12-03-2025,2025,1,3,March,11,12,0
20250313,13-03-2025,2025,1,3,March,11,13,0
20250314,14-03-2025,2025,1,3,March,11,14,0
20250315,15-03-2025,2025,1,3,March,11,15,1
20250316,16-03-2025,2025,1,3,March,11,16,1
20250317,17-03-2025,2025,1,3,March,12,17,0
20250318,18-03-2025,2025,1,3,March,12,18,0
20250319,19-03-2025,2025,1,3,March,12,19,0
20250320,20-03-2025,2025,1,3,March,12,20,0
20250321,21-03-2025,2025,1,3,March,12,21,0
20250322,22-03-2025,2025,1,3,March,12,22,1
20250323,23-03-2025,2025,1,3,March,12,23,1
20250324,24-03-2025,2025,1,3,March,13,24,0
20250325,25-03-2025,2025,1,3,March,13,25,0
20250326,26-03-2025,2025,1,3,March,13,26,0
20250327,27-03-2025,2025,1,3,March,13,27,0
20250328,28-03-2025,2025,1,3,March,13,28,0
20250329,29-03-2025,2025,1,3,March,13,29,1
20250330,30-03-2025,2025,1,3,March,13,30,1
20250331,31-03-2025,2025,1,3,March,14,31,0
20250401,01-04-2025,2025,2,4,April,14,1,0
20250402,02-04-2025,2025,2,4,April,14,2,0
20250403,03-04-2025,2025,2,4,April,14,3,0
20250404,04-04-2025,2025,2,4,April,14,4,0
20250405,05-04-2025,2025,2,4,April,14,5,1
20250406,06-04-2025,2025,2,4,April,14,6,1
20250407,07-04-2025,2025,2,4,April,15,7,0
20250408,08-04-2025,2025,2,4,April,15,8,0
20250409,09-04-2025,2025,2,4,April,15,9,0
20250410,10-04-2025,2025,2,4,April,15,10,0
20250411,11-04-2025,2025,2,4,April,15,11,0
20250412,12-04-2025,2025,2,4,April,15,12,1
20250413,13-04-2025,2025,2,4,April,15,13,1
20250414,14-04-2025,2025,2,4,April,16,14,0
20250415,15-04-2025,2025,2,4,April,16,15,0
20250416,16-04-2025,2025,2,4,April,16,16,0
20250417,17-04-2025,2025,2,4,April,16,17,0
20250418,18-04-2025,2025,2,4,April,16,18,0
20250419,19-04-2025,2025,2,4,April,16,19,1
20250420,20-04-2025,2025,2,4,April,16,20,1
20250421,21-04-2025,2025,2,4,April,17,21,0
20250422,22-04-2025,2025,2,4,April,17,22,0
20250423,23-04-2025,2025,2,4,April,17,23,0
20250424,24-04-2025,2025,2,4,April,17,24,0
20250425,25-04-2025,2025,2,4,April,17,25,0
20250426,26-04-2025,2025,2,4,April,17,26,1
20250427,27-04-2025,2025,2,4,April,17,27,1
20250428,28-04-2025,2025,2,4,April,18,28,0
20250429,29-04-2025,2025,2,4,April,18,29,0
20250430,30-04-2025,2025,2,4,April,18,30,0
20250501,01-05-2025,2025,2,5,May,18,1,0
20250502,02-05-2025,2025,2,5,May,18,2,0
20250503,03-05-2025,2025,2,5,May,18,3,1
20250504,04-05-2025,2025,2,5,May,18,4,1
20250505,05-05-2025,2025,2,5,May,19,5,0
20250506,06-05-2025,2025,2,5,May,19,6,0
20250507,07-05-2025,2025,2,5,May,19,7,0
20250508,08-05-2025,2025,2,5,May,19,8,0
20250509,09-05-2025,2025,2,5,May,19,9,0
20250510,10-05-2025,2025,2,5,May,19,10,1
20250511,11-05-2025,2025,2,5,May,19,11,1
20250512,12-05-2025,2025,2,5,May,20,12,0
20250513,13-05-2025,2025,2,5,May,20,13,0
20250514,14-05-2025,2025,2,5,May,20,14,0
20250515,15-05-2025,2025,2,5,May,20,15,0
20250516,16-05-2025,2025,2,5,May,20,16,0
20250517,17-05-2025,2025,2,5,May,20,17,1
20250518,18-05-2025,2025,2,5,May,20,18,1
20250519,19-05-2025,2025,2,5,May,21,19,0
20250520,20-05-2025,2025,2,5,May,21,20,0
20250521,21-05-2025,2025,2,5,May,21,21,0
20250522,22-05-2025,2025,2,5,May,21,22,0
20250523,23-05-2025,2025,2,5,May,21,23,0
20250524,24-05-2025,2025,2,5,May,21,24,1
20250525,25-05-2025,2025,2,5,May,21,25,1
20250526,26-05-2025,2025,2,5,May,22,26,0
20250527,27-05-2025,2025,2,5,May,22,27,0
20250528,28-05-2025,2025,2,5,May,22,28,0
20250529,29-05-2025,2025,2,5,May,22,29,0
20250530,30-05-2025,2025,2,5,May,22,30,0
20250531,31-05-2025,2025,2,5,May,22,31,1
20250601,01-06-2025,2025,2,6,June,22,1,1
20250602,02-06-2025,2025,2,6,June,23,2,0
20250603,03-06-2025,2025,2,6,June,23,3,0
20250604,04-06-2025,2025,2,6,June,23,4,0
20250605,05-06-2025,2025,2,6,June,23,5,0
20250606,06-06-2025,2025,2,6,June,23,6,0
20250607,07-06-2025,2025,2,6,June,23,7,1
20250608,08-06-2025,2025,2,6,June,23,8,1
20250609,09-06-2025,2025,2,6,June,24,9,0
20250610,10-06-2025,2025,2,6,June,24,10,0
20250611,11-06-2025,2025,2,6,June,24,11,0
20250612,12-06-2025,2025,2,6,June,24,12,0
20250613,13-06-2025,2025,2,6,June,24,13,0
20250614,14-06-2025,2025,2,6,June,24,14,1
20250615,15-06-2025,2025,2,6,June,24,15,1
20250616,16-06-2025,2025,2,6,June,25,16,0
20250617,17-06-2025,2025,2,6,June,25,17,0
20250618,18-06-2025,2025,2,6,June,25,18,0
20250619,19-06-2025,2025,2,6,June,25,19,0
20250620,20-06-2025,2025,2,6,June,25,20,0
20250621,21-06-2025,2025,2,6,June,25,21,1
20250622,22-06-2025,2025,2,6,June,25,22,1
20250623,23-06-2025,2025,2,6,June,26,23,0
20250624,24-06-2025,2025,2,6,June,26,24,0
20250625,25-06-2025,2025,2,6,June,26,25,0
20250626,26-06-2025,2025,2,6,June,26,26,0
20250627,27-06-2025,2025,2,6,June,26,27,0
20250628,28-06-2025,2025,2,6,June,26,28,1
20250629,29-06-2025,2025,2,6,June,26,29,1
20250630,30-06-2025,2025,2,6,June,27,30,0
